Date,Visitor/Neutral,PTS,Home/Neutral,PTS,Attend.
"Fri, Feb 1, 2019",Memphis Grizzlies,92,Charlotte Hornets,100,"15,387"
"Fri, Feb 1, 2019",Boston Celtics,113,New York Knicks,99,"18,343"
"Fri, Feb 1, 2019",Oklahoma City Thunder,118,Miami Heat,102,"19,600"
"Fri, Feb 1, 2019",Atlanta Hawks,112,Utah Jazz,128,"18,306"
"Fri, Feb 1, 2019",Houston Rockets,122,Denver Nuggets,136,"20,106"
"Sat, Feb 2, 2019",Los Angeles Clippers,111,Detroit Pistons,101,"17,862"
"Sat, Feb 2, 2019",Chicago Bulls,118,Charlotte Hornets,125,"19,114"
"Sat, Feb 2, 2019",Brooklyn Nets,89,Orlando Magic,102,"17,385"
"Sat, Feb 2, 2019",Milwaukee Bucks,131,Washington Wizards,115,"20,409"
"Sat, Feb 2, 2019",Dallas Mavericks,111,Cleveland Cavaliers,98,"19,432"
"Sat, Feb 2, 2019",Indiana Pacers,95,Miami Heat,88,"19,600"
"Sat, Feb 2, 2019",Los Angeles Lakers,101,Golden State Warriors,115,"19,596"
"Sat, Feb 2, 2019",New Orleans Pelicans,108,San Antonio Spurs,113,"18,354"
"Sat, Feb 2, 2019",Denver Nuggets,107,Minnesota Timberwolves,106,"17,208"
"Sat, Feb 2, 2019",Atlanta Hawks,118,Phoenix Suns,112,"15,534"
"Sat, Feb 2, 2019",Houston Rockets,125,Utah Jazz,98,"18,306"
"Sat, Feb 2, 2019",Philadelphia 76ers,108,Sacramento Kings,115,"17,583"
"Sun, Feb 3, 2019",Memphis Grizzlies,96,New York Knicks,84,"17,025"
"Sun, Feb 3, 2019",Oklahoma City Thunder,129,Boston Celtics,134,"18,624"
"Sun, Feb 3, 2019",Los Angeles Clippers,103,Toronto Raptors,121,"19,800"
"Mon, Feb 4, 2019",Denver Nuggets,103,Detroit Pistons,129,"12,589"
"Mon, Feb 4, 2019",Atlanta Hawks,137,Washington Wizards,129,"15,025"
"Mon, Feb 4, 2019",Milwaukee Bucks,113,Brooklyn Nets,94,"16,209"
"Mon, Feb 4, 2019",Indiana Pacers,109,New Orleans Pelicans,107,"15,780"
"Mon, Feb 4, 2019",Houston Rockets,118,Phoenix Suns,110,"15,740"
"Mon, Feb 4, 2019",San Antonio Spurs,112,Sacramento Kings,127,"16,245"
"Tue, Feb 5, 2019",Los Angeles Clippers,117,Charlotte Hornets,115,"14,300"
"Tue, Feb 5, 2019",Boston Celtics,103,Cleveland Cavaliers,96,"19,432"
"Tue, Feb 5, 2019",Los Angeles Lakers,94,Indiana Pacers,136,"17,265"
"Tue, Feb 5, 2019",Detroit Pistons,105,New York Knicks,92,"17,853"
"Tue, Feb 5, 2019",Minnesota Timberwolves,106,Memphis Grizzlies,108,"13,454"
"Tue, Feb 5, 2019",Orlando Magic,122,Oklahoma City Thunder,132,"18,203"
"Tue, Feb 5, 2019",Toronto Raptors,119,Philadelphia 76ers,107,"20,472"
"Tue, Feb 5, 2019",Miami Heat,118,Portland Trail Blazers,108,"19,468"
"Wed, Feb 6, 2019",Denver Nuggets,130,Brooklyn Nets,135,"14,516"
"Wed, Feb 6, 2019",New Orleans Pelicans,125,Chicago Bulls,120,"18,116"
"Wed, Feb 6, 2019",Washington Wizards,129,Milwaukee Bucks,148,"17,360"
"Wed, Feb 6, 2019",Charlotte Hornets,93,Dallas Mavericks,99,"19,606"
"Wed, Feb 6, 2019",Phoenix Suns,88,Utah Jazz,116,"18,306"
"Wed, Feb 6, 2019",Houston Rockets,127,Sacramento Kings,101,"17,583"
"Wed, Feb 6, 2019",San Antonio Spurs,102,Golden State Warriors,141,"19,596"
"Thu, Feb 7, 2019",Los Angeles Clippers,92,Indiana Pacers,116,"15,756"
"Thu, Feb 7, 2019",Minnesota Timberwolves,112,Orlando Magic,122,"17,184"
"Thu, Feb 7, 2019",Toronto Raptors,119,Atlanta Hawks,101,"16,036"
"Thu, Feb 7, 2019",Los Angeles Lakers,129,Boston Celtics,128,"18,624"
"Thu, Feb 7, 2019",Memphis Grizzlies,95,Oklahoma City Thunder,117,"18,203"
"Thu, Feb 7, 2019",San Antonio Spurs,118,Portland Trail Blazers,127,"19,393"
"Fri, Feb 8, 2019",New York Knicks,103,Detroit Pistons,120,"14,430"
"Fri, Feb 8, 2019",Denver Nuggets,110,Philadelphia 76ers,117,"20,627"
"Fri, Feb 8, 2019",Cleveland Cavaliers,106,Washington Wizards,119,"16,682"
"Fri, Feb 8, 2019",Chicago Bulls,125,Brooklyn Nets,106,"15,267"
"Fri, Feb 8, 2019",Milwaukee Bucks,122,Dallas Mavericks,107,"20,420"
"Fri, Feb 8, 2019",Golden State Warriors,117,Phoenix Suns,107,"17,081"
"Fri, Feb 8, 2019",Minnesota Timberwolves,117,New Orleans Pelicans,122,"16,980"
"Fri, Feb 8, 2019",Miami Heat,96,Sacramento Kings,102,"17,583"
"Sat, Feb 9, 2019",San Antonio Spurs,105,Utah Jazz,125,"18,306"
"Sat, Feb 9, 2019",Cleveland Cavaliers,90,Indiana Pacers,105,"17,923"
"Sat, Feb 9, 2019",Charlotte Hornets,129,Atlanta Hawks,120,"15,048"
"Sat, Feb 9, 2019",Toronto Raptors,104,New York Knicks,99,"18,886"
"Sat, Feb 9, 2019",Los Angeles Clippers,123,Boston Celtics,112,"18,624"
"Sat, Feb 9, 2019",Washington Wizards,134,Chicago Bulls,125,"19,942"
"Sat, Feb 9, 2019",New Orleans Pelicans,90,Memphis Grizzlies,99,"16,841"
"Sat, Feb 9, 2019",Oklahoma City Thunder,117,Houston Rockets,112,"18,061"
"Sat, Feb 9, 2019",Orlando Magic,103,Milwaukee Bucks,83,"17,812"
"Sun, Feb 10, 2019",Portland Trail Blazers,101,Dallas Mavericks,102,"20,340"
"Sun, Feb 10, 2019",Los Angeles Lakers,120,Philadelphia 76ers,143,"20,683"
"Sun, Feb 10, 2019",Phoenix Suns,104,Sacramento Kings,117,"17,583"
"Sun, Feb 10, 2019",Orlando Magic,124,Atlanta Hawks,108,"13,370"
"Sun, Feb 10, 2019",Miami Heat,118,Golden State Warriors,120,"19,596"
"Mon, Feb 11, 2019",New York Knicks,104,Cleveland Cavaliers,107,"19,432"
"Mon, Feb 11, 2019",Washington Wizards,112,Detroit Pistons,121,"15,246"
"Mon, Feb 11, 2019",Charlotte Hornets,90,Indiana Pacers,99,"15,734"
"Mon, Feb 11, 2019",Brooklyn Nets,125,Toronto Raptors,127,"19,800"
"Mon, Feb 11, 2019",Milwaukee Bucks,112,Chicago Bulls,99,"18,833"
"Mon, Feb 11, 2019",Dallas Mavericks,104,Houston Rockets,120,"18,055"
"Mon, Feb 11, 2019",Los Angeles Clippers,120,Minnesota Timberwolves,130,"13,782"
"Mon, Feb 11, 2019",Portland Trail Blazers,111,Oklahoma City Thunder,120,"18,203"
"Mon, Feb 11, 2019",Miami Heat,87,Denver Nuggets,103,"18,378"
"Tue, Feb 12, 2019",Los Angeles Lakers,113,Atlanta Hawks,117,"16,824"
"Tue, Feb 12, 2019",San Antonio Spurs,108,Memphis Grizzlies,107,"13,788"
"Tue, Feb 12, 2019",Orlando Magic,118,New Orleans Pelicans,88,"15,733"
"Tue, Feb 12, 2019",Boston Celtics,112,Philadelphia 76ers,109,"20,582"
"Tue, Feb 12, 2019",Utah Jazz,108,Golden State Warriors,115,"19,596"
"Wed, Feb 13, 2019",Brooklyn Nets,148,Cleveland Cavaliers,139,"17,434"
"Wed, Feb 13, 2019",Milwaukee Bucks,106,Indiana Pacers,97,"17,311"
"Wed, Feb 13, 2019",Detroit Pistons,110,Boston Celtics,118,"18,624"
"Wed, Feb 13, 2019",Philadelphia 76ers,126,New York Knicks,111,"18,983"
"Wed, Feb 13, 2019",Washington Wizards,120,Toronto Raptors,129,"19,800"
"Wed, Feb 13, 2019",Memphis Grizzlies,110,Chicago Bulls,122,"19,114"
"Wed, Feb 13, 2019",Houston Rockets,111,Minnesota Timberwolves,121,"15,131"
"Wed, Feb 13, 2019",Miami Heat,112,Dallas Mavericks,101,"20,364"
"Wed, Feb 13, 2019",Sacramento Kings,118,Denver Nuggets,120,"17,938"
"Wed, Feb 13, 2019",Phoenix Suns,107,Los Angeles Clippers,134,"17,703"
"Wed, Feb 13, 2019",Golden State Warriors,107,Portland Trail Blazers,129,"19,549"
"Thu, Feb 14, 2019",Charlotte Hornets,89,Orlando Magic,127,"18,846"
"Thu, Feb 14, 2019",New York Knicks,106,Atlanta Hawks,91,"14,179"
"Thu, Feb 14, 2019",Oklahoma City Thunder,122,New Orleans Pelicans,131,"15,686"
"Thu, Feb 21, 2019",Phoenix Suns,98,Cleveland Cavaliers,111,"19,022"
"Thu, Feb 21, 2019",Miami Heat,102,Philadelphia 76ers,106,"20,505"
"Thu, Feb 21, 2019",Portland Trail Blazers,113,Brooklyn Nets,99,"17,732"
"Thu, Feb 21, 2019",Boston Celtics,97,Milwaukee Bucks,98,"17,926"
"Thu, Feb 21, 2019",Sacramento Kings,123,Golden State Warriors,125,"19,596"
"Thu, Feb 21, 2019",Houston Rockets,106,Los Angeles Lakers,111,"18,997"
"Fri, Feb 22, 2019",Washington Wizards,110,Charlotte Hornets,123,"15,572"
"Fri, Feb 22, 2019",New Orleans Pelicans,111,Indiana Pacers,126,"16,962"
"Fri, Feb 22, 2019",Chicago Bulls,110,Orlando Magic,109,"18,846"
"Fri, Feb 22, 2019",San Antonio Spurs,117,Toronto Raptors,120,"20,058"
"Fri, Feb 22, 2019",Detroit Pistons,125,Atlanta Hawks,122,"14,067"
"Fri, Feb 22, 2019",Minnesota Timberwolves,115,New York Knicks,104,"19,096"
"Fri, Feb 22, 2019",Los Angeles Clippers,112,Memphis Grizzlies,106,"16,444"
"Fri, Feb 22, 2019",Denver Nuggets,114,Dallas Mavericks,104,"20,382"
"Fri, Feb 22, 2019",Utah Jazz,147,Oklahoma City Thunder,148,"18,203"
"Sat, Feb 23, 2019",Portland Trail Blazers,130,Philadelphia 76ers,115,"20,619"
"Sat, Feb 23, 2019",Phoenix Suns,112,Atlanta Hawks,120,"15,214"
"Sat, Feb 23, 2019",Brooklyn Nets,117,Charlotte Hornets,115,"19,158"
"Sat, Feb 23, 2019",Memphis Grizzlies,107,Cleveland Cavaliers,112,"19,432"
"Sat, Feb 23, 2019",Los Angeles Lakers,115,New Orleans Pelicans,128,"18,626"
"Sat, Feb 23, 2019",Indiana Pacers,119,Washington Wizards,112,"19,648"
"Sat, Feb 23, 2019",Detroit Pistons,119,Miami Heat,96,"19,600"
"Sat, Feb 23, 2019",Boston Celtics,116,Chicago Bulls,126,"21,295"
"Sat, Feb 23, 2019",Sacramento Kings,119,Oklahoma City Thunder,116,"18,203"
"Sat, Feb 23, 2019",Houston Rockets,118,Golden State Warriors,112,"19,596"
"Sat, Feb 23, 2019",Minnesota Timberwolves,128,Milwaukee Bucks,140,"17,972"
"Sat, Feb 23, 2019",Dallas Mavericks,109,Utah Jazz,125,"18,306"
"Sun, Feb 24, 2019",Orlando Magic,113,Toronto Raptors,98,"19,800"
"Sun, Feb 24, 2019",Los Angeles Clippers,96,Denver Nuggets,123,"19,956"
"Sun, Feb 24, 2019",San Antonio Spurs,118,New York Knicks,130,"18,019"
"Mon, Feb 25, 2019",Golden State Warriors,121,Charlotte Hornets,110,"19,419"
"Mon, Feb 25, 2019",Portland Trail Blazers,123,Cleveland Cavaliers,110,"19,432"
"Mon, Feb 25, 2019",Indiana Pacers,109,Detroit Pistons,113,"15,321"
"Mon, Feb 25, 2019",San Antonio Spurs,85,Brooklyn Nets,101,"13,479"
"Mon, Feb 25, 2019",Phoenix Suns,124,Miami Heat,121,"19,600"
"Mon, Feb 25, 2019",Milwaukee Bucks,117,Chicago Bulls,106,"20,936"
"Mon, Feb 25, 2019",Atlanta Hawks,111,Houston Rockets,119,"18,055"
"Mon, Feb 25, 2019",Los Angeles Lakers,105,Memphis Grizzlies,110,"17,794"
"Mon, Feb 25, 2019",Sacramento Kings,105,Minnesota Timberwolves,112,"13,691"
"Mon, Feb 25, 2019",Philadelphia 76ers,111,New Orleans Pelicans,110,"17,194"
"Mon, Feb 25, 2019",Dallas Mavericks,112,Los Angeles Clippers,121,"19,068"
"Tue, Feb 26, 2019",Orlando Magic,103,New York Knicks,108,"17,833"
"Tue, Feb 26, 2019",Boston Celtics,95,Toronto Raptors,118,"19,800"
"Tue, Feb 26, 2019",Oklahoma City Thunder,112,Denver Nuggets,121,"18,378"
"Wed, Feb 27, 2019",Houston Rockets,118,Charlotte Hornets,113,"17,903"
"Wed, Feb 27, 2019",Minnesota Timberwolves,123,Atlanta Hawks,131,"14,101"
"Wed, Feb 27, 2019",Washington Wizards,125,Brooklyn Nets,116,"13,683"
"Wed, Feb 27, 2019",Golden State Warriors,125,Miami Heat,126,"19,647"
"Wed, Feb 27, 2019",Portland Trail Blazers,97,Boston Celtics,92,"18,624"
"Wed, Feb 27, 2019",Chicago Bulls,109,Memphis Grizzlies,107,"13,711"
"Wed, Feb 27, 2019",Indiana Pacers,101,Dallas Mavericks,110,"19,978"
"Wed, Feb 27, 2019",Detroit Pistons,93,San Antonio Spurs,105,"18,354"
"Wed, Feb 27, 2019",Los Angeles Clippers,105,Utah Jazz,111,"18,306"
"Wed, Feb 27, 2019",Milwaukee Bucks,141,Sacramento Kings,140,"17,583"
"Wed, Feb 27, 2019",New Orleans Pelicans,119,Los Angeles Lakers,125,"18,997"
"Thu, Feb 28, 2019",Minnesota Timberwolves,115,Indiana Pacers,122,"17,003"
"Thu, Feb 28, 2019",Golden State Warriors,96,Orlando Magic,103,"18,846"
"Thu, Feb 28, 2019",Cleveland Cavaliers,125,New York Knicks,118,"17,573"
"Thu, Feb 28, 2019",Miami Heat,118,Houston Rockets,121,"18,119"
"Thu, Feb 28, 2019",Philadelphia 76ers,108,Oklahoma City Thunder,104,"18,203"
"Thu, Feb 28, 2019",Utah Jazz,111,Denver Nuggets,104,"19,520"
"Fri, Mar 1, 2019",Chicago Bulls,168,Atlanta Hawks,161,"15,267"
"Fri, Mar 1, 2019",Charlotte Hornets,123,Brooklyn Nets,112,"15,578"
"Fri, Mar 1, 2019",Washington Wizards,96,Boston Celtics,107,"18,624"
"Fri, Mar 1, 2019",Portland Trail Blazers,117,Toronto Raptors,119,"19,800"
"Fri, Mar 1, 2019",New Orleans Pelicans,130,Phoenix Suns,116,"14,123"
"Fri, Mar 1, 2019",Los Angeles Clippers,116,Sacramento Kings,109,"17,583"
"Fri, Mar 1, 2019",Milwaukee Bucks,131,Los Angeles Lakers,120,"18,997"
"Sat, Mar 2, 2019",Detroit Pistons,129,Cleveland Cavaliers,93,"19,432"
"Sat, Mar 2, 2019",Orlando Magic,117,Indiana Pacers,112,"17,923"
"Sat, Mar 2, 2019",Brooklyn Nets,88,Miami Heat,117,"19,600"
"Sat, Mar 2, 2019",Memphis Grizzlies,111,Dallas Mavericks,81,"20,233"
"Sat, Mar 2, 2019",Golden State Warriors,120,Philadelphia 76ers,117,"20,624"
"Sat, Mar 2, 2019",Oklahoma City Thunder,102,San Antonio Spurs,116,"18,439"
"Sat, Mar 2, 2019",New Orleans Pelicans,120,Denver Nuggets,112,"19,978"
"Sat, Mar 2, 2019",Los Angeles Lakers,109,Phoenix Suns,118,"18,055"
"Sat, Mar 2, 2019",Milwaukee Bucks,111,Utah Jazz,115,"18,306"
"Sun, Mar 3, 2019",Portland Trail Blazers,118,Charlotte Hornets,108,"18,355"
"Sun, Mar 3, 2019",Houston Rockets,115,Boston Celtics,104,"18,624"
"Sun, Mar 3, 2019",Atlanta Hawks,123,Chicago Bulls,118,"20,526"
"Sun, Mar 3, 2019",New York Knicks,107,Los Angeles Clippers,128,"19,068"
"Sun, Mar 3, 2019",Orlando Magic,93,Cleveland Cavaliers,107,"19,432"
"Sun, Mar 3, 2019",Toronto Raptors,107,Detroit Pistons,112,"19,161"
"Sun, Mar 3, 2019",Minnesota Timberwolves,121,Washington Wizards,135,"17,869"
"Sun, Mar 3, 2019",Memphis Grizzlies,95,Oklahoma City Thunder,99,"18,203"
"Mon, Mar 4, 2019",Dallas Mavericks,88,Brooklyn Nets,127,"17,064"
"Mon, Mar 4, 2019",Atlanta Hawks,113,Miami Heat,114,"19,600"
"Mon, Mar 4, 2019",Denver Nuggets,103,San Antonio Spurs,104,"18,354"
"Mon, Mar 4, 2019",Milwaukee Bucks,105,Phoenix Suns,114,"18,055"
"Mon, Mar 4, 2019",New Orleans Pelicans,115,Utah Jazz,112,"18,306"
"Mon, Mar 4, 2019",New York Knicks,108,Sacramento Kings,115,"17,034"
"Mon, Mar 4, 2019",Los Angeles Clippers,113,Los Angeles Lakers,105,"18,997"
"Tue, Mar 5, 2019",Chicago Bulls,96,Indiana Pacers,105,"15,753"
"Tue, Mar 5, 2019",Orlando Magic,106,Philadelphia 76ers,114,"20,379"
"Tue, Mar 5, 2019",Portland Trail Blazers,111,Memphis Grizzlies,120,"13,801"
"Tue, Mar 5, 2019",Oklahoma City Thunder,120,Minnesota Timberwolves,131,"15,728"
"Tue, Mar 5, 2019",Houston Rockets,107,Toronto Raptors,95,"19,800"
"Tue, Mar 5, 2019",Boston Celtics,128,Golden State Warriors,95,"19,596"
"Wed, Mar 6, 2019",Miami Heat,91,Charlotte Hornets,84,"18,137"
"Wed, Mar 6, 2019",Minnesota Timberwolves,114,Detroit Pistons,131,"15,240"
"Wed, Mar 6, 2019",Dallas Mavericks,123,Washington Wizards,132,"16,867"
"Wed, Mar 6, 2019",San Antonio Spurs,111,Atlanta Hawks,104,"15,208"
"Wed, Mar 6, 2019",Cleveland Cavaliers,107,Brooklyn Nets,113,"14,177"
"Wed, Mar 6, 2019",Philadelphia 76ers,107,Chicago Bulls,108,"19,927"
"Wed, Mar 6, 2019",Utah Jazz,114,New Orleans Pelicans,104,"14,681"
"Wed, Mar 6, 2019",New York Knicks,96,Phoenix Suns,107,"14,427"
"Wed, Mar 6, 2019",Boston Celtics,111,Sacramento Kings,109,"17,583"
"Wed, Mar 6, 2019",Denver Nuggets,115,Los Angeles Lakers,99,"18,997"
"Thu, Mar 7, 2019",Indiana Pacers,98,Milwaukee Bucks,117,"17,884"
"Thu, Mar 7, 2019",Oklahoma City Thunder,129,Portland Trail Blazers,121,"20,037"
"Fri, Mar 8, 2019",Washington Wizards,111,Charlotte Hornets,112,"18,144"
"Fri, Mar 8, 2019",Dallas Mavericks,106,Orlando Magic,111,"19,196"
"Fri, Mar 8, 2019",Detroit Pistons,112,Chicago Bulls,104,"21,048"
"Fri, Mar 8, 2019",Philadelphia 76ers,91,Houston Rockets,107,"18,055"
"Fri, Mar 8, 2019",Utah Jazz,104,Memphis Grizzlies,114,"15,407"
"Fri, Mar 8, 2019",Cleveland Cavaliers,110,Miami Heat,126,"19,600"
"Fri, Mar 8, 2019",Toronto Raptors,127,New Orleans Pelicans,104,"17,325"
"Fri, Mar 8, 2019",Denver Nuggets,105,Golden State Warriors,122,"19,596"
"Fri, Mar 8, 2019",Oklahoma City Thunder,110,Los Angeles Clippers,118,"17,915"
"Sat, Mar 9, 2019",Sacramento Kings,102,New York Knicks,94,"19,812"
"Sat, Mar 9, 2019",Brooklyn Nets,114,Atlanta Hawks,112,"16,527"
"Sat, Mar 9, 2019",Washington Wizards,130,Minnesota Timberwolves,135,"14,381"
"Sat, Mar 9, 2019",Boston Celtics,120,Los Angeles Lakers,107,"18,997"
"Sat, Mar 9, 2019",Charlotte Hornets,114,Milwaukee Bucks,131,"17,996"
"Sat, Mar 9, 2019",Phoenix Suns,120,Portland Trail Blazers,127,"19,851"
"Sun, Mar 10, 2019",Chicago Bulls,108,Detroit Pistons,131,"19,356"
"Sun, Mar 10, 2019",Toronto Raptors,125,Miami Heat,104,"19,600"
"Sun, Mar 10, 2019",Indiana Pacers,89,Philadelphia 76ers,106,"20,636"
"Sun, Mar 10, 2019",New Orleans Pelicans,116,Atlanta Hawks,128,"14,337"
"Sun, Mar 10, 2019",Orlando Magic,97,Memphis Grizzlies,105,"16,627"
"Sun, Mar 10, 2019",Houston Rockets,94,Dallas Mavericks,93,"20,423"
"Sun, Mar 10, 2019",New York Knicks,92,Minnesota Timberwolves,103,"13,806"
"Sun, Mar 10, 2019",Milwaukee Bucks,114,San Antonio Spurs,121,"18,594"
"Sun, Mar 10, 2019",Phoenix Suns,115,Golden State Warriors,111,"19,596"
"Mon, Mar 11, 2019",Toronto Raptors,101,Cleveland Cavaliers,126,"19,432"
"Mon, Mar 11, 2019",Sacramento Kings,115,Washington Wizards,121,"15,012"
"Mon, Mar 11, 2019",Detroit Pistons,75,Brooklyn Nets,103,"17,732"
"Mon, Mar 11, 2019",Charlotte Hornets,106,Houston Rockets,118,"18,055"
"Mon, Mar 11, 2019",Oklahoma City Thunder,98,Utah Jazz,89,"18,306"
"Mon, Mar 11, 2019",Boston Celtics,115,Los Angeles Clippers,140,"19,068"
"Tue, Mar 12, 2019",New York Knicks,98,Indiana Pacers,103,"16,679"
"Tue, Mar 12, 2019",Cleveland Cavaliers,99,Philadelphia 76ers,106,"20,420"
"Tue, Mar 12, 2019",Los Angeles Lakers,123,Chicago Bulls,107,"21,359"
"Tue, Mar 12, 2019",San Antonio Spurs,112,Dallas Mavericks,105,"20,366"
"Tue, Mar 12, 2019",Milwaukee Bucks,130,New Orleans Pelicans,113,"15,562"
"Tue, Mar 12, 2019",Minnesota Timberwolves,107,Denver Nuggets,133,"16,874"
"Tue, Mar 12, 2019",Portland Trail Blazers,125,Los Angeles Clippers,104,"16,686"
"Wed, Mar 13, 2019",Brooklyn Nets,96,Oklahoma City Thunder,108,"18,203"
"Wed, Mar 13, 2019",Orlando Magic,90,Washington Wizards,100,"15,107"
"Wed, Mar 13, 2019",Memphis Grizzlies,111,Atlanta Hawks,132,"15,169"
"Wed, Mar 13, 2019",Detroit Pistons,74,Miami Heat,108,"19,600"
"Wed, Mar 13, 2019",Golden State Warriors,106,Houston Rockets,104,"18,122"
"Wed, Mar 13, 2019",Utah Jazz,114,Phoenix Suns,97,"18,055"
"Thu, Mar 14, 2019",Oklahoma City Thunder,106,Indiana Pacers,108,"16,656"
"Thu, Mar 14, 2019",Cleveland Cavaliers,91,Orlando Magic,120,"18,091"
"Thu, Mar 14, 2019",Sacramento Kings,120,Boston Celtics,126,"18,624"
"Thu, Mar 14, 2019",Los Angeles Lakers,98,Toronto Raptors,111,"19,962"
"Thu, Mar 14, 2019",Minnesota Timberwolves,100,Utah Jazz,120,"18,306"
"Thu, Mar 14, 2019",Dallas Mavericks,99,Denver Nuggets,100,"19,520"
"Fri, Mar 15, 2019",Los Angeles Lakers,97,Detroit Pistons,111,"20,768"
"Fri, Mar 15, 2019",Sacramento Kings,114,Philadelphia 76ers,123,"20,704"
"Fri, Mar 15, 2019",Charlotte Hornets,116,Washington Wizards,110,"19,520"
"Fri, Mar 15, 2019",Phoenix Suns,102,Houston Rockets,108,"18,055"
"Fri, Mar 15, 2019",Milwaukee Bucks,113,Miami Heat,98,"19,600"
"Fri, Mar 15, 2019",Portland Trail Blazers,122,New Orleans Pelicans,110,"16,117"
"Fri, Mar 15, 2019",New York Knicks,83,San Antonio Spurs,109,"18,354"
"Fri, Mar 15, 2019",Chicago Bulls,121,Los Angeles Clippers,128,"17,404"
"Sat, Mar 16, 2019",Atlanta Hawks,120,Boston Celtics,129,"18,624"
"Sat, Mar 16, 2019",Phoenix Suns,138,New Orleans Pelicans,136,"17,641"
"Sat, Mar 16, 2019",Memphis Grizzlies,128,Washington Wizards,135,"19,750"
"Sat, Mar 16, 2019",Cleveland Cavaliers,116,Dallas Mavericks,121,"20,347"
"Sat, Mar 16, 2019",Golden State Warriors,110,Oklahoma City Thunder,88,"18,203"
"Sat, Mar 16, 2019",Portland Trail Blazers,103,San Antonio Spurs,108,"18,354"
"Sat, Mar 16, 2019",Indiana Pacers,100,Denver Nuggets,102,"19,856"
"Sat, Mar 16, 2019",Brooklyn Nets,98,Utah Jazz,114,"18,306"
"Sun, Mar 17, 2019",Los Angeles Lakers,123,New York Knicks,124,"19,812"
"Sun, Mar 17, 2019",Charlotte Hornets,75,Miami Heat,93,"19,600"
"Sun, Mar 17, 2019",Philadelphia 76ers,130,Milwaukee Bucks,125,"18,148"
"Sun, Mar 17, 2019",Toronto Raptors,107,Detroit Pistons,110,"19,277"
"Sun, Mar 17, 2019",Atlanta Hawks,91,Orlando Magic,101,"18,045"
"Sun, Mar 17, 2019",Chicago Bulls,102,Sacramento Kings,129,"17,583"
"Sun, Mar 17, 2019",Minnesota Timberwolves,102,Houston Rockets,117,"18,055"
"Sun, Mar 17, 2019",Brooklyn Nets,116,Los Angeles Clippers,119,"17,247"
"Mon, Mar 18, 2019",Detroit Pistons,119,Cleveland Cavaliers,126,"18,465"
"Mon, Mar 18, 2019",Utah Jazz,116,Washington Wizards,95,"15,637"
"Mon, Mar 18, 2019",Denver Nuggets,114,Boston Celtics,105,"18,624"
"Mon, Mar 18, 2019",New York Knicks,92,Toronto Raptors,128,"19,800"
"Mon, Mar 18, 2019",Miami Heat,116,Oklahoma City Thunder,107,"18,203"
"Mon, Mar 18, 2019",Golden State Warriors,105,San Antonio Spurs,111,"18,354"
"Mon, Mar 18, 2019",New Orleans Pelicans,129,Dallas Mavericks,125,"20,276"
"Mon, Mar 18, 2019",Chicago Bulls,116,Phoenix Suns,101,"15,879"
"Mon, Mar 18, 2019",Indiana Pacers,98,Portland Trail Blazers,106,"19,393"
"Tue, Mar 19, 2019",Philadelphia 76ers,118,Charlotte Hornets,114,"16,411"
"Tue, Mar 19, 2019",Houston Rockets,121,Atlanta Hawks,105,"16,293"
"Tue, Mar 19, 2019",Los Angeles Lakers,101,Milwaukee Bucks,115,"17,879"
"Tue, Mar 19, 2019",Golden State Warriors,117,Minnesota Timberwolves,107,"17,964"
"Tue, Mar 19, 2019",Brooklyn Nets,123,Sacramento Kings,121,"17,583"
"Tue, Mar 19, 2019",Indiana Pacers,109,Los Angeles Clippers,115,"16,043"
"Wed, Mar 20, 2019",Milwaukee Bucks,102,Cleveland Cavaliers,107,"19,432"
"Wed, Mar 20, 2019",New Orleans Pelicans,96,Orlando Magic,119,"17,005"
"Wed, Mar 20, 2019",Boston Celtics,115,Philadelphia 76ers,118,"20,606"
"Wed, Mar 20, 2019",Utah Jazz,137,New York Knicks,116,"18,530"
"Wed, Mar 20, 2019",Washington Wizards,120,Chicago Bulls,126,"19,470"
"Wed, Mar 20, 2019",Houston Rockets,125,Memphis Grizzlies,126,"16,691"
"Wed, Mar 20, 2019",Miami Heat,110,San Antonio Spurs,105,"18,354"
"Wed, Mar 20, 2019",Toronto Raptors,123,Oklahoma City Thunder,114,"18,203"
"Wed, Mar 20, 2019",Dallas Mavericks,118,Portland Trail Blazers,126,"19,803"
"Thu, Mar 21, 2019",Minnesota Timberwolves,106,Charlotte Hornets,113,"15,576"
"Thu, Mar 21, 2019",Denver Nuggets,113,Washington Wizards,108,"15,986"
"Thu, Mar 21, 2019",Utah Jazz,114,Atlanta Hawks,117,"15,569"
"Thu, Mar 21, 2019",Detroit Pistons,118,Phoenix Suns,98,"16,066"
"Thu, Mar 21, 2019",Dallas Mavericks,100,Sacramento Kings,116,"17,583"
"Thu, Mar 21, 2019",Indiana Pacers,89,Golden State Warriors,112,"19,596"
"Fri, Mar 22, 2019",Memphis Grizzlies,119,Orlando Magic,123,"18,025"
"Fri, Mar 22, 2019",Los Angeles Clippers,110,Cleveland Cavaliers,108,"19,432"
"Fri, Mar 22, 2019",Denver Nuggets,111,New York Knicks,93,"19,290"
"Fri, Mar 22, 2019",Oklahoma City Thunder,116,Toronto Raptors,109,"20,014"
"Fri, Mar 22, 2019",San Antonio Spurs,105,Houston Rockets,111,"18,055"
"Fri, Mar 22, 2019",Miami Heat,87,Milwaukee Bucks,116,"18,094"
"Fri, Mar 22, 2019",Brooklyn Nets,111,Los Angeles Lakers,106,"18,997"
"Sat, Mar 23, 2019",Boston Celtics,117,Charlotte Hornets,124,"19,438"
"Sat, Mar 23, 2019",Miami Heat,113,Washington Wizards,108,"20,409"
"Sat, Mar 23, 2019",Philadelphia 76ers,127,Atlanta Hawks,129,"16,640"
"Sat, Mar 23, 2019",Utah Jazz,114,Chicago Bulls,83,"20,506"
"Sat, Mar 23, 2019",Minnesota Timberwolves,112,Memphis Grizzlies,99,"16,977"
"Sat, Mar 23, 2019",Dallas Mavericks,126,Golden State Warriors,91,"19,596"
"Sat, Mar 23, 2019",Detroit Pistons,112,Portland Trail Blazers,117,"19,815"
"Sat, Mar 23, 2019",Phoenix Suns,103,Sacramento Kings,112,"17,583"
"Sun, Mar 24, 2019",Los Angeles Clippers,124,New York Knicks,113,"18,263"
"Sun, Mar 24, 2019",Cleveland Cavaliers,105,Milwaukee Bucks,127,"17,930"
"Sun, Mar 24, 2019",Denver Nuggets,88,Indiana Pacers,124,"17,923"
"Sun, Mar 24, 2019",Charlotte Hornets,115,Toronto Raptors,114,"19,800"
"Sun, Mar 24, 2019",Houston Rockets,113,New Orleans Pelicans,90,"17,048"
"Sun, Mar 24, 2019",San Antonio Spurs,115,Boston Celtics,96,"18,624"
"Sun, Mar 24, 2019",Detroit Pistons,114,Golden State Warriors,121,"19,596"
"Sun, Mar 24, 2019",Sacramento Kings,106,Los Angeles Lakers,111,"18,997"
"Mon, Mar 25, 2019",Philadelphia 76ers,98,Orlando Magic,119,"16,848"
"Mon, Mar 25, 2019",Oklahoma City Thunder,103,Memphis Grizzlies,115,"15,144"
"Mon, Mar 25, 2019",Phoenix Suns,92,Utah Jazz,125,"18,306"
"Mon, Mar 25, 2019",Brooklyn Nets,144,Portland Trail Blazers,148,"20,188"
"Tue, Mar 26, 2019",San Antonio Spurs,116,Charlotte Hornets,125,"14,227"
"Tue, Mar 26, 2019",Boston Celtics,116,Cleveland Cavaliers,106,"19,432"
"Tue, Mar 26, 2019",Orlando Magic,104,Miami Heat,99,"19,704"
"Tue, Mar 26, 2019",Chicago Bulls,103,Toronto Raptors,112,"19,800"
"Tue, Mar 26, 2019",Houston Rockets,94,Milwaukee Bucks,108,"17,910"
"Tue, Mar 26, 2019",Los Angeles Clippers,122,Minnesota Timberwolves,111,"13,176"
"Tue, Mar 26, 2019",Atlanta Hawks,130,New Orleans Pelicans,120,"14,751"
"Tue, Mar 26, 2019",Sacramento Kings,125,Dallas Mavericks,121,"20,168"
"Tue, Mar 26, 2019",Detroit Pistons,92,Denver Nuggets,95,"19,520"
"Tue, Mar 26, 2019",Washington Wizards,106,Los Angeles Lakers,124,"18,997"
"Wed, Mar 27, 2019",Portland Trail Blazers,118,Chicago Bulls,98,"20,227"
"Wed, Mar 27, 2019",Golden State Warriors,118,Memphis Grizzlies,103,"17,794"
"Wed, Mar 27, 2019",Indiana Pacers,99,Oklahoma City Thunder,107,"18,203"
"Wed, Mar 27, 2019",Washington Wizards,124,Phoenix Suns,121,"16,004"
"Wed, Mar 27, 2019",Los Angeles Lakers,100,Utah Jazz,115,"18,306"
"Thu, Mar 28, 2019",Orlando Magic,98,Detroit Pistons,115,"18,128"
"Thu, Mar 28, 2019",Brooklyn Nets,110,Philadelphia 76ers,123,"20,547"
"Thu, Mar 28, 2019",Dallas Mavericks,99,Miami Heat,105,"19,851"
"Thu, Mar 28, 2019",Toronto Raptors,117,New York Knicks,92,"19,812"
"Thu, Mar 28, 2019",Denver Nuggets,85,Houston Rockets,112,"18,055"
"Thu, Mar 28, 2019",Los Angeles Clippers,118,Milwaukee Bucks,128,"17,922"
"Thu, Mar 28, 2019",Sacramento Kings,118,New Orleans Pelicans,121,"13,976"
"Thu, Mar 28, 2019",Cleveland Cavaliers,110,San Antonio Spurs,116,"18,756"
"Fri, Mar 29, 2019",Indiana Pacers,112,Boston Celtics,114,"18,624"
"Fri, Mar 29, 2019",Portland Trail Blazers,118,Atlanta Hawks,98,"16,182"
"Fri, Mar 29, 2019",Golden State Warriors,130,Minnesota Timberwolves,131,"18,978"
"Fri, Mar 29, 2019",Denver Nuggets,115,Oklahoma City Thunder,105,"18,203"
"Fri, Mar 29, 2019",Washington Wizards,124,Utah Jazz,128,"18,306"
"Fri, Mar 29, 2019",Charlotte Hornets,115,Los Angeles Lakers,129,"18,997"
"Sat, Mar 30, 2019",Cleveland Cavaliers,108,Los Angeles Clippers,132,"16,439"
"Sat, Mar 30, 2019",Boston Celtics,96,Brooklyn Nets,110,"17,732"
"Sat, Mar 30, 2019",Sacramento Kings,108,Houston Rockets,119,"18,055"
"Sat, Mar 30, 2019",Portland Trail Blazers,90,Detroit Pistons,99,"18,592"
"Sat, Mar 30, 2019",Orlando Magic,121,Indiana Pacers,116,"17,923"
"Sat, Mar 30, 2019",Miami Heat,100,New York Knicks,92,"19,812"
"Sat, Mar 30, 2019",Toronto Raptors,124,Chicago Bulls,101,"21,238"
"Sat, Mar 30, 2019",Philadelphia 76ers,118,Minnesota Timberwolves,109,"18,978"
"Sat, Mar 30, 2019",Memphis Grizzlies,120,Phoenix Suns,115,"16,647"
"Sun, Mar 31, 2019",Milwaukee Bucks,135,Atlanta Hawks,136,"16,660"
"Sun, Mar 31, 2019",Dallas Mavericks,106,Oklahoma City Thunder,103,"18,203"
"Sun, Mar 31, 2019",Los Angeles Lakers,130,New Orleans Pelicans,102,"18,562"
"Sun, Mar 31, 2019",Sacramento Kings,113,San Antonio Spurs,106,"18,407"
"Sun, Mar 31, 2019",Washington Wizards,95,Denver Nuggets,90,"17,356"
"Sun, Mar 31, 2019",Charlotte Hornets,90,Golden State Warriors,137,"19,596"
"Sun, Mar 31, 2019",Memphis Grizzlies,96,Los Angeles Clippers,113,"16,740"
"Mon, Apr 1, 2019",Detroit Pistons,102,Indiana Pacers,111,"15,760"
"Mon, Apr 1, 2019",Miami Heat,105,Boston Celtics,110,"18,624"
"Mon, Apr 1, 2019",Milwaukee Bucks,131,Brooklyn Nets,121,"17,732"
"Mon, Apr 1, 2019",Chicago Bulls,105,New York Knicks,113,"18,874"
"Mon, Apr 1, 2019",Orlando Magic,109,Toronto Raptors,121,"19,800"
"Mon, Apr 1, 2019",Portland Trail Blazers,132,Minnesota Timberwolves,122,"11,209"
"Mon, Apr 1, 2019",Philadelphia 76ers,102,Dallas Mavericks,122,"19,645"
"Mon, Apr 1, 2019",Charlotte Hornets,102,Utah Jazz,111,"18,306"
"Mon, Apr 1, 2019",Cleveland Cavaliers,113,Phoenix Suns,122,"14,050"
"Tue, Apr 2, 2019",Los Angeles Lakers,103,Oklahoma City Thunder,119,"18,203"
"Tue, Apr 2, 2019",Atlanta Hawks,111,San Antonio Spurs,117,"18,354"
"Tue, Apr 2, 2019",Houston Rockets,130,Sacramento Kings,105,"17,583"
"Tue, Apr 2, 2019",Denver Nuggets,102,Golden State Warriors,116,"19,596"
"Wed, Apr 3, 2019",Indiana Pacers,108,Detroit Pistons,89,"18,984"
"Wed, Apr 3, 2019",New York Knicks,100,Orlando Magic,114,"18,846"
"Wed, Apr 3, 2019",Chicago Bulls,115,Washington Wizards,114,"16,616"
"Wed, Apr 3, 2019",Philadelphia 76ers,122,Atlanta Hawks,130,"16,638"
"Wed, Apr 3, 2019",Toronto Raptors,115,Brooklyn Nets,105,"17,732"
"Wed, Apr 3, 2019",Boston Celtics,112,Miami Heat,102,"19,904"
"Wed, Apr 3, 2019",Charlotte Hornets,115,New Orleans Pelicans,109,"16,844"
"Wed, Apr 3, 2019",Minnesota Timberwolves,110,Dallas Mavericks,108,"19,576"
"Wed, Apr 3, 2019",San Antonio Spurs,85,Denver Nuggets,113,"17,643"
"Wed, Apr 3, 2019",Utah Jazz,118,Phoenix Suns,97,"15,797"
"Wed, Apr 3, 2019",Memphis Grizzlies,89,Portland Trail Blazers,116,"19,608"
"Wed, Apr 3, 2019",Houston Rockets,135,Los Angeles Clippers,103,"17,593"
"Thu, Apr 4, 2019",Milwaukee Bucks,128,Philadelphia 76ers,122,"20,701"
"Thu, Apr 4, 2019",Cleveland Cavaliers,104,Sacramento Kings,117,"17,583"
"Thu, Apr 4, 2019",Golden State Warriors,108,Los Angeles Lakers,90,"18,997"
"Fri, Apr 5, 2019",Toronto Raptors,111,Charlotte Hornets,113,"18,684"
"Fri, Apr 5, 2019",Atlanta Hawks,113,Orlando Magic,149,"18,999"
"Fri, Apr 5, 2019",San Antonio Spurs,129,Washington Wizards,112,"20,409"
"Fri, Apr 5, 2019",New York Knicks,96,Houston Rockets,120,"18,055"
"Fri, Apr 5, 2019",Boston Celtics,117,Indiana Pacers,97,"17,371"
"Fri, Apr 5, 2019",Miami Heat,109,Minnesota Timberwolves,111,"17,763"
"Fri, Apr 5, 2019",Detroit Pistons,110,Oklahoma City Thunder,123,"18,203"
"Fri, Apr 5, 2019",Memphis Grizzlies,122,Dallas Mavericks,112,"20,111"
"Fri, Apr 5, 2019",Sacramento Kings,98,Utah Jazz,119,"18,306"
"Fri, Apr 5, 2019",New Orleans Pelicans,126,Phoenix Suns,133,"16,410"
"Fri, Apr 5, 2019",Portland Trail Blazers,110,Denver Nuggets,119,"19,928"
"Fri, Apr 5, 2019",Cleveland Cavaliers,114,Golden State Warriors,120,"19,596"
"Fri, Apr 5, 2019",Los Angeles Lakers,122,Los Angeles Clippers,117,"17,910"
"Sat, Apr 6, 2019",Brooklyn Nets,133,Milwaukee Bucks,128,"18,116"
"Sat, Apr 6, 2019",Philadelphia 76ers,116,Chicago Bulls,96,"21,059"
"Sun, Apr 7, 2019",Miami Heat,109,Toronto Raptors,117,"19,800"
"Sun, Apr 7, 2019",San Antonio Spurs,112,Cleveland Cavaliers,90,"19,432"
"Sun, Apr 7, 2019",Oklahoma City Thunder,132,Minnesota Timberwolves,126,"18,978"
"Sun, Apr 7, 2019",Charlotte Hornets,104,Detroit Pistons,91,"19,871"
"Sun, Apr 7, 2019",Brooklyn Nets,108,Indiana Pacers,96,"16,197"
"Sun, Apr 7, 2019",Dallas Mavericks,129,Memphis Grizzlies,127,"16,744"
"Sun, Apr 7, 2019",Phoenix Suns,113,Houston Rockets,149,"18,055"
"Sun, Apr 7, 2019",Atlanta Hawks,107,Milwaukee Bucks,115,"17,775"
"Sun, Apr 7, 2019",Orlando Magic,116,Boston Celtics,108,"18,624"
"Sun, Apr 7, 2019",Washington Wizards,110,New York Knicks,113,"19,812"
"Sun, Apr 7, 2019",Los Angeles Clippers,104,Golden State Warriors,131,"19,596"
"Sun, Apr 7, 2019",Denver Nuggets,108,Portland Trail Blazers,115,"19,890"
"Sun, Apr 7, 2019",New Orleans Pelicans,133,Sacramento Kings,129,"17,583"
"Sun, Apr 7, 2019",Utah Jazz,109,Los Angeles Lakers,113,"18,997"
"Tue, Apr 9, 2019",Charlotte Hornets,124,Cleveland Cavaliers,97,"19,432"
"Tue, Apr 9, 2019",Memphis Grizzlies,93,Detroit Pistons,100,"19,802"
"Tue, Apr 9, 2019",Boston Celtics,116,Washington Wizards,110,"20,409"
"Tue, Apr 9, 2019",Philadelphia 76ers,99,Miami Heat,122,"20,153"
"Tue, Apr 9, 2019",New York Knicks,96,Chicago Bulls,86,"21,350"
"Tue, Apr 9, 2019",Toronto Raptors,120,Minnesota Timberwolves,100,"16,119"
"Tue, Apr 9, 2019",Golden State Warriors,112,New Orleans Pelicans,103,"17,090"
"Tue, Apr 9, 2019",Phoenix Suns,109,Dallas Mavericks,120,"21,041"
"Tue, Apr 9, 2019",Denver Nuggets,108,Utah Jazz,118,"18,306"
"Tue, Apr 9, 2019",Houston Rockets,111,Oklahoma City Thunder,112,"18,203"
"Tue, Apr 9, 2019",Portland Trail Blazers,104,Los Angeles Lakers,101,"18,997"
"Wed, Apr 10, 2019",Indiana Pacers,135,Atlanta Hawks,134,"17,143"
"Wed, Apr 10, 2019",Miami Heat,94,Brooklyn Nets,113,"17,732"
"Wed, Apr 10, 2019",Orlando Magic,122,Charlotte Hornets,114,"17,719"
"Wed, Apr 10, 2019",Golden State Warriors,117,Memphis Grizzlies,132,"17,794"
"Wed, Apr 10, 2019",Oklahoma City Thunder,127,Milwaukee Bucks,116,"18,082"
"Wed, Apr 10, 2019",Detroit Pistons,115,New York Knicks,89,"19,812"
"Wed, Apr 10, 2019",Chicago Bulls,109,Philadelphia 76ers,125,"20,197"
"Wed, Apr 10, 2019",Dallas Mavericks,94,San Antonio Spurs,105,"18,629"
"Wed, Apr 10, 2019",Minnesota Timberwolves,95,Denver Nuggets,99,"16,332"
"Wed, Apr 10, 2019",Utah Jazz,137,Los Angeles Clippers,143,"17,655"
"Wed, Apr 10, 2019",Sacramento Kings,131,Portland Trail Blazers,136,"19,814"
"Sat, Apr 13, 2019",Brooklyn Nets,111,Philadelphia 76ers,102,"20,437"
"Sat, Apr 13, 2019",Orlando Magic,104,Toronto Raptors,101,"19,937"
"Sat, Apr 13, 2019",Los Angeles Clippers,104,Golden State Warriors,121,"19,596"
"Sat, Apr 13, 2019",San Antonio Spurs,101,Denver Nuggets,96,"19,520"
"Sun, Apr 14, 2019",Indiana Pacers,74,Boston Celtics,84,"18,624"
"Sun, Apr 14, 2019",Oklahoma City Thunder,99,Portland Trail Blazers,104,"19,886"
"Sun, Apr 14, 2019",Detroit Pistons,86,Milwaukee Bucks,121,"17,529"
"Sun, Apr 14, 2019",Utah Jazz,90,Houston Rockets,122,"18,055"
"Mon, Apr 15, 2019",Brooklyn Nets,123,Philadelphia 76ers,145,"20,591"
"Mon, Apr 15, 2019",Los Angeles Clippers,135,Golden State Warriors,131,"19,596"
"Tue, Apr 16, 2019",Orlando Magic,82,Toronto Raptors,111,"19,964"
"Tue, Apr 16, 2019",San Antonio Spurs,105,Denver Nuggets,114,"19,520"
"Tue, Apr 16, 2019",Oklahoma City Thunder,94,Portland Trail Blazers,114,"20,041"
"Wed, Apr 17, 2019",Indiana Pacers,91,Boston Celtics,99,"18,624"
"Wed, Apr 17, 2019",Detroit Pistons,99,Milwaukee Bucks,120,"17,513"
"Wed, Apr 17, 2019",Utah Jazz,98,Houston Rockets,118,"18,055"
"Thu, Apr 18, 2019",Philadelphia 76ers,131,Brooklyn Nets,115,"17,732"
"Thu, Apr 18, 2019",Denver Nuggets,108,San Antonio Spurs,118,"18,354"
"Thu, Apr 18, 2019",Golden State Warriors,132,Los Angeles Clippers,105,"19,068"
"Fri, Apr 19, 2019",Toronto Raptors,98,Orlando Magic,93,"19,367"
"Fri, Apr 19, 2019",Boston Celtics,104,Indiana Pacers,96,"17,923"
"Fri, Apr 19, 2019",Portland Trail Blazers,108,Oklahoma City Thunder,120,"18,203"
"Sat, Apr 20, 2019",Philadelphia 76ers,112,Brooklyn Nets,108,"17,732"
"Sat, Apr 20, 2019",Denver Nuggets,117,San Antonio Spurs,103,"18,354"
"Sat, Apr 20, 2019",Milwaukee Bucks,119,Detroit Pistons,103,"20,520"
"Sat, Apr 20, 2019",Houston Rockets,104,Utah Jazz,101,"18,306"
"Sun, Apr 21, 2019",Boston Celtics,110,Indiana Pacers,106,"17,923"
"Sun, Apr 21, 2019",Golden State Warriors,113,Los Angeles Clippers,105,"19,068"
"Sun, Apr 21, 2019",Toronto Raptors,107,Orlando Magic,85,"19,087"
"Sun, Apr 21, 2019",Portland Trail Blazers,111,Oklahoma City Thunder,98,"18,203"
"Mon, Apr 22, 2019",Milwaukee Bucks,127,Detroit Pistons,104,"20,332"
"Mon, Apr 22, 2019",Houston Rockets,91,Utah Jazz,107,"18,306"
"Tue, Apr 23, 2019",Orlando Magic,96,Toronto Raptors,115,"19,800"
"Tue, Apr 23, 2019",Brooklyn Nets,100,Philadelphia 76ers,122,"20,595"
"Tue, Apr 23, 2019",San Antonio Spurs,90,Denver Nuggets,108,"19,520"
"Tue, Apr 23, 2019",Oklahoma City Thunder,115,Portland Trail Blazers,118,"20,241"
"Wed, Apr 24, 2019",Utah Jazz,93,Houston Rockets,100,"18,055"
"Wed, Apr 24, 2019",Los Angeles Clippers,129,Golden State Warriors,121,"19,596"
"Thu, Apr 25, 2019",Denver Nuggets,103,San Antonio Spurs,120,"18,354"
"Fri, Apr 26, 2019",Golden State Warriors,129,Los Angeles Clippers,110,"19,068"
"Sat, Apr 27, 2019",Philadelphia 76ers,95,Toronto Raptors,108,"19,800"
"Sat, Apr 27, 2019",San Antonio Spurs,86,Denver Nuggets,90,"19,725"
"Sun, Apr 28, 2019",Boston Celtics,112,Milwaukee Bucks,90,"17,561"
"Sun, Apr 28, 2019",Houston Rockets,100,Golden State Warriors,104,"19,596"
"Mon, Apr 29, 2019",Philadelphia 76ers,94,Toronto Raptors,89,"19,800"
"Mon, Apr 29, 2019",Portland Trail Blazers,113,Denver Nuggets,121,"19,520"
"Tue, Apr 30, 2019",Boston Celtics,102,Milwaukee Bucks,123,"17,536"
"Tue, Apr 30, 2019",Houston Rockets,109,Golden State Warriors,115,"19,596"
"Wed, May 1, 2019",Portland Trail Blazers,97,Denver Nuggets,90,"19,520"
"Thu, May 2, 2019",Toronto Raptors,95,Philadelphia 76ers,116,"20,658"
"Fri, May 3, 2019",Milwaukee Bucks,123,Boston Celtics,116,"18,624"
"Fri, May 3, 2019",Denver Nuggets,137,Portland Trail Blazers,140,"20,193"
"Sat, May 4, 2019",Golden State Warriors,121,Houston Rockets,126,"18,169"
"Sun, May 5, 2019",Toronto Raptors,101,Philadelphia 76ers,96,"20,639"
"Sun, May 5, 2019",Denver Nuggets,116,Portland Trail Blazers,112,"20,146"
"Mon, May 6, 2019",Milwaukee Bucks,113,Boston Celtics,101,"18,624"
"Mon, May 6, 2019",Golden State Warriors,108,Houston Rockets,112,"18,055"
"Tue, May 7, 2019",Philadelphia 76ers,89,Toronto Raptors,125,"20,287"
"Tue, May 7, 2019",Portland Trail Blazers,98,Denver Nuggets,124,"19,520"
"Wed, May 8, 2019",Boston Celtics,91,Milwaukee Bucks,116,"17,701"
"Wed, May 8, 2019",Houston Rockets,99,Golden State Warriors,104,"19,596"
"Thu, May 9, 2019",Toronto Raptors,101,Philadelphia 76ers,112,"20,525"
"Thu, May 9, 2019",Denver Nuggets,108,Portland Trail Blazers,119,"20,022"
"Fri, May 10, 2019",Golden State Warriors,118,Houston Rockets,113,"18,055"
"Sun, May 12, 2019",Portland Trail Blazers,100,Denver Nuggets,96,"19,725"
"Sun, May 12, 2019",Philadelphia 76ers,90,Toronto Raptors,92,"20,917"
"Tue, May 14, 2019",Portland Trail Blazers,94,Golden State Warriors,116,"19,596"
"Wed, May 15, 2019",Toronto Raptors,100,Milwaukee Bucks,108,"17,345"
"Thu, May 16, 2019",Portland Trail Blazers,111,Golden State Warriors,114,"19,596"
"Fri, May 17, 2019",Toronto Raptors,103,Milwaukee Bucks,125,"17,570"
"Sat, May 18, 2019",Golden State Warriors,110,Portland Trail Blazers,99,"20,214"
"Sun, May 19, 2019",Milwaukee Bucks,112,Toronto Raptors,118,"19,923"
"Mon, May 20, 2019",Golden State Warriors,119,Portland Trail Blazers,117,"20,064"
"Tue, May 21, 2019",Milwaukee Bucks,102,Toronto Raptors,120,"20,237"
"Thu, May 23, 2019",Toronto Raptors,105,Milwaukee Bucks,99,"17,384"
"Sat, May 25, 2019",Milwaukee Bucks,94,Toronto Raptors,100,"20,478"
"Thu, May 30, 2019",Golden State Warriors,109,Toronto Raptors,118,"19,983"
"Sun, Jun 2, 2019",Golden State Warriors,109,Toronto Raptors,104,"20,014"
"Wed, Jun 5, 2019",Toronto Raptors,123,Golden State Warriors,109,"19,596"
"Fri, Jun 7, 2019",Toronto Raptors,105,Golden State Warriors,92,"19,596"
"Mon, Jun 10, 2019",Golden State Warriors,106,Toronto Raptors,105,"20,144"
"Thu, Jun 13, 2019",Toronto Raptors,114,Golden State Warriors,110,"19,596"
