Date,AwayTeam,AwayTeamID,AwayTeamScore,HomeTeam,HomeTeamID,HomeTeamScore,AwayTeam+ID,HomeTeam+ID
10-22-2019,NO,23,165,TOR,10,176,NO23,TOR10
10-22-2019,LAL,27,138,LAC,28,152,LAL27,LAC28
10-23-2019,CHI,11,169,CHA,2,171,CHI11,CHA2
10-23-2019,DET,14,161,IND,13,149,DET14,IND13
10-23-2019,CLE,12,115,ORL,5,127,CLE12,ORL5
10-23-2019,MIN,16,172,BKN,8,171,MIN16,BKN8
10-23-2019,MEM,21,137,MIA,4,162,MEM21,MIA4
10-23-2019,BOS,9,126,PHI,7,145,BOS9,PHI7
10-23-2019,WAS,1,135,DAL,25,146,WAS1,DAL25
10-23-2019,NY,6,150,SA,24,162,NY6,SA24
10-23-2019,OKC,18,129,UTA,17,135,OKC18,UTA17
10-23-2019,SAC,30,129,PHO,29,168,SAC30,PHO29
10-23-2019,DEN,20,146,POR,19,135,DEN20,POR19
10-24-2019,ATL,3,158,DET,14,135,ATL3,DET14
10-24-2019,MIL,15,158,HOU,22,150,MIL15,HOU22
10-24-2019,LAC,28,191,GS,26,165,LAC28,GS26
10-25-2019,TOR,10,144,BOS,9,152,TOR10,BOS9
10-25-2019,MIN,16,164,CHA,2,134,MIN16,CHA2
10-25-2019,NY,6,148,BKN,8,153,NY6,BKN8
10-25-2019,CHI,11,149,MEM,21,138,CHI11,MEM21
10-25-2019,DAL,25,167,NO,23,157,DAL25,NO23
10-25-2019,WAS,1,131,OKC,18,115,WAS1,OKC18
10-25-2019,PHO,29,145,DEN,20,146,PHO29,DEN20
10-25-2019,POR,19,165,SAC,30,152,POR19,SAC30
10-25-2019,UTA,17,116,LAL,27,129,UTA17,LAL27
10-26-2019,MIA,4,177,MIL,15,171,MIA4,MIL15
10-26-2019,PHI,7,158,DET,14,150,PHI7,DET14
10-26-2019,ORL,5,134,ATL,3,139,ORL5,ATL3
10-26-2019,BOS,9,160,NY,6,129,BOS9,NY6
10-26-2019,TOR,10,146,CHI,11,114,TOR10,CHI11
10-26-2019,IND,13,134,CLE,12,149,IND13,CLE12
10-26-2019,NO,23,167,HOU,22,171,NO23,HOU22
10-26-2019,WAS,1,165,SA,24,168,WAS1,SA24
10-26-2019,SAC,30,110,UTA,17,153,SAC30,UTA17
10-26-2019,LAC,28,165,PHO,29,176,LAC28,PHO29
10-27-2019,GS,26,125,OKC,18,162,GS26,OKC18
10-27-2019,BKN,8,180,MEM,21,181,BKN8,MEM21
10-27-2019,POR,19,164,DAL,25,161,POR19,DAL25
10-27-2019,MIA,4,148,MIN,16,157,MIA4,MIN16
10-27-2019,CHA,2,137,LAL,27,162,CHA2,LAL27
10-28-2019,IND,13,127,DET,14,130,IND13,DET14
10-28-2019,CHI,11,133,NY,6,142,CHI11,NY6
10-28-2019,PHI,7,142,ATL,3,139,PHI7,ATL3
10-28-2019,ORL,5,129,TOR,10,141,ORL5,TOR10
10-28-2019,OKC,18,152,HOU,22,157,OKC18,HOU22
10-28-2019,CLE,12,152,MIL,15,175,CLE12,MIL15
10-28-2019,GS,26,181,NO,23,167,GS26,NO23
10-28-2019,POR,19,149,SA,24,153,POR19,SA24
10-28-2019,UTA,17,130,PHO,29,129,UTA17,PHO29
10-28-2019,DEN,20,137,SAC,30,127,DEN20,SAC30
10-28-2019,CHA,2,130,LAC,28,150,CHA2,LAC28
10-29-2019,ATL,3,131,MIA,4,152,ATL3,MIA4
10-29-2019,DAL,25,148,DEN,20,144,DAL25,DEN20
10-29-2019,MEM,21,123,LAL,27,162,MEM21,LAL27
10-30-2019,CHI,11,150,CLE,12,158,CHI11,CLE12
10-30-2019,NY,6,112,ORL,5,129,NY6,ORL5
10-30-2019,MIN,16,129,PHI,7,158,MIN16,PHI7
10-30-2019,IND,13,160,BKN,8,146,IND13,BKN8
10-30-2019,MIL,15,142,BOS,9,157,MIL15,BOS9
10-30-2019,DET,14,153,TOR,10,169,DET14,TOR10
10-30-2019,POR,19,138,OKC,18,134,POR19,OKC18
10-30-2019,HOU,22,215,WAS,1,214,HOU22,WAS1
10-30-2019,CHA,2,160,SAC,30,150,CHA2,SAC30
10-30-2019,LAC,28,130,UTA,17,149,LAC28,UTA17
10-30-2019,PHO,29,164,GS,26,149,PHO29,GS26
10-31-2019,MIA,4,144,ATL,3,131,MIA4,ATL3
10-31-2019,DEN,20,145,NO,23,165,DEN20,NO23
10-31-2019,SA,24,131,LAC,28,139,SA24,LAC28
11-1-2019,HOU,22,157,BKN,8,167,HOU22,BKN8
11-1-2019,CLE,12,129,IND,13,138,CLE12,IND13
11-1-2019,MIL,15,167,ORL,5,123,MIL15,ORL5
11-1-2019,NY,6,138,BOS,9,141,NY6,BOS9
11-1-2019,DET,14,144,CHI,11,152,DET14,CHI11
11-1-2019,LAL,27,161,DAL,25,149,LAL27,DAL25
11-1-2019,UTA,17,137,SAC,30,138,UTA17,SAC30
11-1-2019,SA,24,172,GS,26,149,SA24,GS26
11-2-2019,NO,23,141,OKC,18,156,NO23,OKC18
11-2-2019,BKN,8,148,DET,14,153,BKN8,DET14
11-2-2019,DEN,20,123,ORL,5,118,DEN20,ORL5
11-2-2019,PHO,29,154,MEM,21,142,PHO29,MEM21
11-2-2019,TOR,10,142,MIL,15,156,TOR10,MIL15
11-2-2019,MIN,16,177,WAS,1,148,MIN16,WAS1
11-2-2019,CHA,2,126,GS,26,118,CHA2,GS26
11-2-2019,PHI,7,175,POR,19,173,PHI7,POR19
11-3-2019,CHI,11,129,IND,13,146,CHI11,IND13
11-3-2019,HOU,22,135,MIA,4,175,HOU22,MIA4
11-3-2019,SAC,30,153,NY,6,125,SAC30,NY6
11-3-2019,LAL,27,139,SA,24,130,LAL27,SA24
11-3-2019,DAL,25,177,CLE,12,150,DAL25,CLE12
11-3-2019,UTA,17,127,LAC,28,142,UTA17,LAC28
11-4-2019,DET,14,134,WAS,1,156,DET14,WAS1
11-4-2019,NO,23,169,BKN,8,183,NO23,BKN8
11-4-2019,HOU,22,145,MEM,21,135,HOU22,MEM21
11-4-2019,MIL,15,181,MIN,16,144,MIL15,MIN16
11-4-2019,PHI,7,148,PHO,29,154,PHI7,PHO29
11-4-2019,POR,19,160,GS,26,172,POR19,GS26
11-5-2019,IND,13,162,CHA,2,165,IND13,CHA2
11-5-2019,BOS,9,161,CLE,12,153,BOS9,CLE12
11-5-2019,SA,24,135,ATL,3,146,SA24,ATL3
11-5-2019,LAL,27,160,CHI,11,152,LAL27,CHI11
11-5-2019,ORL,5,127,OKC,18,138,ORL5,OKC18
11-5-2019,MIA,4,121,DEN,20,148,MIA4,DEN20
11-6-2019,NY,6,138,DET,14,165,NY6,DET14
11-6-2019,WAS,1,144,IND,13,164,WAS1,IND13
11-6-2019,CHI,11,153,ATL,3,126,CHI11,ATL3
11-6-2019,GS,26,152,HOU,22,175,GS26,HOU22
11-6-2019,SAC,30,162,TOR,10,168,SAC30,TOR10
11-6-2019,MIN,16,164,MEM,21,185,MIN16,MEM21
11-6-2019,ORL,5,144,DAL,25,145,ORL5,DAL25
11-6-2019,PHI,7,141,UTA,17,144,PHI7,UTA17
11-6-2019,MIL,15,175,LAC,28,168,MIL15,LAC28
11-7-2019,BOS,9,146,CHA,2,118,BOS9,CHA2
11-7-2019,OKC,18,152,SA,24,164,OKC18,SA24
11-7-2019,MIA,4,168,PHO,29,146,MIA4,PHO29
11-7-2019,POR,19,137,LAC,28,145,POR19,LAC28
11-8-2019,DET,14,144,IND,13,152,DET14,IND13
11-8-2019,MEM,21,116,ORL,5,160,MEM21,ORL5
11-8-2019,CLE,12,153,WAS,1,135,CLE12,WAS1
11-8-2019,SAC,30,164,ATL,3,148,SAC30,ATL3
11-8-2019,GS,26,161,MIN,16,169,GS26,MIN16
11-8-2019,TOR,10,165,NO,23,141,TOR10,NO23
11-8-2019,NY,6,144,DAL,25,138,NY6,DAL25
11-8-2019,PHI,7,131,DEN,20,135,PHI7,DEN20
11-8-2019,MIL,15,135,UTA,17,139,MIL15,UTA17
11-8-2019,BKN,8,161,POR,19,156,BKN8,POR19
11-8-2019,MIA,4,108,LAL,27,129,MIA4,LAL27
11-9-2019,BOS,9,183,SA,24,156,BOS9,SA24
11-9-2019,NO,23,156,CHA,2,149,NO23,CHA2
11-9-2019,HOU,22,158,CHI,11,127,HOU22,CHI11
11-9-2019,DAL,25,187,MEM,21,165,DAL25,MEM21
11-9-2019,GS,26,146,OKC,18,154,GS26,OKC18
11-10-2019,DEN,20,135,MIN,16,133,DEN20,MIN16
11-10-2019,IND,13,148,ORL,5,138,IND13,ORL5
11-10-2019,CHA,2,144,PHI,7,154,CHA2,PHI7
11-10-2019,MIL,15,164,OKC,18,161,MIL15,OKC18
11-10-2019,CLE,12,146,NY,6,118,CLE12,NY6
11-10-2019,BKN,8,152,PHO,29,187,BKN8,PHO29
11-10-2019,ATL,3,153,POR,19,168,ATL3,POR19
11-10-2019,TOR,10,153,LAL,27,141,TOR10,LAL27
11-11-2019,MIN,16,162,DET,14,154,MIN16,DET14
11-11-2019,DAL,25,144,BOS,9,157,DAL25,BOS9
11-11-2019,MEM,21,153,SA,24,148,MEM21,SA24
11-11-2019,HOU,22,165,NO,23,157,HOU22,NO23
11-11-2019,UTA,17,165,GS,26,146,UTA17,GS26
11-11-2019,TOR,10,119,LAC,28,133,TOR10,LAC28
11-12-2019,OKC,18,115,IND,13,150,OKC18,IND13
11-12-2019,CLE,12,131,PHI,7,133,CLE12,PHI7
11-12-2019,DET,14,146,MIA,4,158,DET14,MIA4
11-12-2019,NY,6,138,CHI,11,162,NY6,CHI11
11-12-2019,ATL,3,169,DEN,20,164,ATL3,DEN20
11-12-2019,LAL,27,167,PHO,29,156,LAL27,PHO29
11-12-2019,BKN,8,154,UTA,17,161,BKN8,UTA17
11-12-2019,POR,19,134,SAC,30,145,POR19,SAC30
11-13-2019,MEM,21,161,CHA,2,158,MEM21,CHA2
11-13-2019,PHI,7,131,ORL,5,152,PHI7,ORL5
11-13-2019,WAS,1,180,BOS,9,190,WAS1,BOS9
11-13-2019,LAC,28,126,HOU,22,138,LAC28,HOU22
11-13-2019,SA,24,154,MIN,16,175,SA24,MIN16
11-13-2019,GS,26,127,LAL,27,162,GS26,LAL27
11-13-2019,TOR,10,154,POR,19,144,TOR10,POR19
11-14-2019,MIA,4,146,CLE,12,131,MIA4,CLE12
11-14-2019,CHI,11,156,MIL,15,168,CHI11,MIL15
11-14-2019,LAC,28,172,NO,23,179,LAC28,NO23
11-14-2019,DAL,25,139,NY,6,144,DAL25,NY6
11-14-2019,ATL,3,152,PHO,29,173,ATL3,PHO29
11-14-2019,BKN,8,126,DEN,20,137,BKN8,DEN20
11-15-2019,DET,14,144,CHA,2,148,DET14,CHA2
11-15-2019,SA,24,148,ORL,5,150,SA24,ORL5
11-15-2019,IND,13,138,HOU,22,150,IND13,HOU22
11-15-2019,UTA,17,144,MEM,21,145,UTA17,MEM21
11-15-2019,WAS,1,185,MIN,16,157,WAS1,MIN16
11-15-2019,PHI,7,161,OKC,18,172,PHI7,OKC18
11-15-2019,BOS,9,142,GS,26,135,BOS9,GS26
11-15-2019,SAC,30,131,LAL,27,134,SAC30,LAL27
11-16-2019,BKN,8,158,CHI,11,150,BKN8,CHI11
11-16-2019,MIL,15,138,IND,13,112,MIL15,IND13
11-16-2019,CHA,2,139,NY,6,138,CHA2,NY6
11-16-2019,NO,23,127,MIA,4,148,NO23,MIA4
11-16-2019,HOU,22,169,MIN,16,142,HOU22,MIN16
11-16-2019,TOR,10,138,DAL,25,149,TOR10,DAL25
11-16-2019,POR,19,164,SA,24,157,POR19,SA24
11-16-2019,ATL,3,137,LAC,28,203,ATL3,LAC28
11-17-2019,PHI,7,154,CLE,12,129,PHI7,CLE12
11-17-2019,BOS,9,134,SAC,30,135,BOS9,SAC30
11-17-2019,DEN,20,177,MEM,21,154,DEN20,MEM21
11-17-2019,WAS,1,164,ORL,5,169,WAS1,ORL5
11-17-2019,GS,26,135,NO,23,146,GS26,NO23
11-17-2019,ATL,3,137,LAL,27,165,ATL3,LAL27
11-18-2019,CLE,12,142,NY,6,167,CLE12,NY6
11-18-2019,IND,13,156,BKN,8,116,IND13,BKN8
11-18-2019,CHA,2,130,TOR,10,179,CHA2,TOR10
11-18-2019,MIL,15,156,CHI,11,137,MIL15,CHI11
11-18-2019,POR,19,146,HOU,22,179,POR19,HOU22
11-18-2019,SA,24,149,DAL,25,158,SA24,DAL25
11-18-2019,BOS,9,134,PHO,29,115,BOS9,PHO29
11-18-2019,MIN,16,152,UTA,17,138,MIN16,UTA17
11-18-2019,OKC,18,119,LAC,28,122,OKC18,LAC28
11-19-2019,GS,26,154,MEM,21,129,GS26,MEM21
11-19-2019,POR,19,141,NO,23,156,POR19,NO23
11-19-2019,PHO,29,157,SAC,30,162,PHO29,SAC30
11-19-2019,OKC,18,145,LAL,27,152,OKC18,LAL27
11-20-2019,NY,6,141,PHI,7,148,NY6,PHI7
11-20-2019,SA,24,179,WAS,1,187,SA24,WAS1
11-20-2019,MIL,15,183,ATL,3,172,MIL15,ATL3
11-20-2019,CHA,2,123,BKN,8,137,CHA2,BKN8
11-20-2019,GS,26,127,DAL,25,192,GS26,DAL25
11-20-2019,CLE,12,135,MIA,4,168,CLE12,MIA4
11-20-2019,ORL,5,131,TOR,10,153,ORL5,TOR10
11-20-2019,DET,14,121,CHI,11,148,DET14,CHI11
11-20-2019,UTA,17,139,MIN,16,129,UTA17,MIN16
11-20-2019,HOU,22,129,DEN,20,142,HOU22,DEN20
11-20-2019,BOS,9,141,LAC,28,145,BOS9,LAC28
11-21-2019,POR,19,175,MIL,15,185,POR19,MIL15
11-21-2019,NO,23,168,PHO,29,164,NO23,PHO29
11-22-2019,ATL,3,139,DET,14,173,ATL3,DET14
11-22-2019,CHA,2,160,WAS,1,169,CHA2,WAS1
11-22-2019,SAC,30,131,BKN,8,157,SAC30,BKN8
11-22-2019,MIA,4,157,CHI,11,146,MIA4,CHI11
11-22-2019,LAL,27,176,OKC,18,172,LAL27,OKC18
11-22-2019,SA,24,141,PHI,7,156,SA24,PHI7
11-22-2019,CLE,12,137,DAL,25,194,CLE12,DAL25
11-22-2019,BOS,9,125,DEN,20,130,BOS9,DEN20
11-22-2019,GS,26,148,UTA,17,153,GS26,UTA17
11-22-2019,HOU,22,161,LAC,28,165,HOU22,LAC28
11-23-2019,PHO,29,135,MIN,16,133,PHO29,MIN16
11-23-2019,CHI,11,157,CHA,2,156,CHI11,CHA2
11-23-2019,ORL,5,144,IND,13,150,ORL5,IND13
11-23-2019,TOR,10,161,ATL,3,157,TOR10,ATL3
11-23-2019,SA,24,150,NY,6,141,SA24,NY6
11-23-2019,MIA,4,116,PHI,7,153,MIA4,PHI7
11-23-2019,POR,19,141,CLE,12,149,POR19,CLE12
11-23-2019,LAL,27,148,MEM,21,146,LAL27,MEM21
11-23-2019,DET,14,122,MIL,15,141,DET14,MIL15
11-23-2019,NO,23,162,UTA,17,173,NO23,UTA17
11-24-2019,DAL,25,185,HOU,22,167,DAL25,HOU22
11-24-2019,BKN,8,139,NY,6,137,BKN8,NY6
11-24-2019,SAC,30,153,WAS,1,144,SAC30,WAS1
11-24-2019,PHO,29,141,DEN,20,157,PHO29,DEN20
11-24-2019,NO,23,148,LAC,28,181,NO23,LAC28
11-25-2019,BKN,8,146,CLE,12,144,BKN8,CLE12
11-25-2019,ORL,5,119,DET,14,139,ORL5,DET14
11-25-2019,MEM,21,154,IND,13,171,MEM21,IND13
11-25-2019,MIN,16,169,ATL,3,153,MIN16,ATL3
11-25-2019,SAC,30,138,BOS,9,139,SAC30,BOS9
11-25-2019,CHA,2,135,MIA,4,158,CHA2,MIA4
11-25-2019,PHI,7,130,TOR,10,137,PHI7,TOR10
11-25-2019,POR,19,158,CHI,11,127,POR19,CHI11
11-25-2019,UTA,17,160,MIL,15,165,UTA17,MIL15
11-25-2019,LAL,27,154,SA,24,141,LAL27,SA24
11-25-2019,OKC,18,135,GS,26,131,OKC18,GS26
11-26-2019,LAC,28,154,DAL,25,134,LAC28,DAL25
11-26-2019,WAS,1,141,DEN,20,158,WAS1,DEN20
11-27-2019,BKN,8,149,BOS,9,164,BKN8,BOS9
11-27-2019,DET,14,137,CHA,2,138,DET14,CHA2
11-27-2019,ORL,5,157,CLE,12,141,ORL5,CLE12
11-27-2019,UTA,17,138,IND,13,164,UTA17,IND13
11-27-2019,SAC,30,123,PHI,7,131,SAC30,PHI7
11-27-2019,NY,6,133,TOR,10,171,NY6,TOR10
11-27-2019,MIA,4,146,HOU,22,158,MIA4,HOU22
11-27-2019,LAC,28,164,MEM,21,161,LAC28,MEM21
11-27-2019,ATL,3,138,MIL,15,150,ATL3,MIL15
11-27-2019,MIN,16,153,SA,24,137,MIN16,SA24
11-27-2019,WAS,1,190,PHO,29,179,WAS1,PHO29
11-27-2019,LAL,27,154,NO,23,149,LAL27,NO23
11-27-2019,OKC,18,161,POR,19,184,OKC18,POR19
11-27-2019,CHI,11,122,GS,26,141,CHI11,GS26
11-29-2019,BOS,9,145,BKN,8,152,BOS9,BKN8
11-29-2019,CHA,2,149,DET,14,145,CHA2,DET14
11-29-2019,TOR,10,122,ORL,5,112,TOR10,ORL5
11-29-2019,MIL,15,161,CLE,12,149,MIL15,CLE12
11-29-2019,PHI,7,137,NY,6,129,PHI7,NY6
11-29-2019,ATL,3,141,IND,13,142,ATL3,IND13
11-29-2019,UTA,17,139,MEM,21,127,UTA17,MEM21
11-29-2019,GS,26,142,MIA,4,165,GS26,MIA4
11-29-2019,NO,23,141,OKC,18,148,NO23,OKC18
11-29-2019,LAC,28,131,SA,24,145,LAC28,SA24
11-29-2019,DAL,25,162,PHO,29,153,DAL25,PHO29
11-29-2019,CHI,11,139,POR,19,145,CHI11,POR19
11-29-2019,WAS,1,139,LAL,27,169,WAS1,LAL27
11-30-2019,DEN,20,131,SAC,30,135,DEN20,SAC30
11-30-2019,IND,13,157,PHI,7,161,IND13,PHI7
11-30-2019,ATL,3,150,HOU,22,214,ATL3,HOU22
11-30-2019,CHA,2,130,MIL,15,185,CHA2,MIL15
12-1-2019,MIA,4,148,BKN,8,144,MIA4,BKN8
12-1-2019,MEM,21,156,MIN,16,145,MEM21,MIN16
12-1-2019,BOS,9,153,NY,6,141,BOS9,NY6
12-1-2019,DAL,25,154,LAL,27,135,DAL25,LAL27
12-1-2019,SA,24,133,DET,14,179,SA24,DET14
12-1-2019,OKC,18,145,NO,23,141,OKC18,NO23
12-1-2019,GS,26,130,ORL,5,135,GS26,ORL5
12-1-2019,UTA,17,149,TOR,10,176,UTA17,TOR10
12-1-2019,WAS,1,169,LAC,28,203,WAS1,LAC28
12-2-2019,PHO,29,148,CHA,2,141,PHO29,CHA2
12-2-2019,UTA,17,127,PHI,7,139,UTA17,PHI7
12-2-2019,GS,26,107,ATL,3,141,GS26,ATL3
12-2-2019,IND,13,158,MEM,21,141,IND13,MEM21
12-2-2019,NY,6,119,MIL,15,179,NY6,MIL15
12-2-2019,CHI,11,153,SAC,30,144,CHI11,SAC30
12-3-2019,DET,14,172,CLE,12,127,DET14,CLE12
12-3-2019,ORL,5,172,WAS,1,162,ORL5,WAS1
12-3-2019,DAL,25,160,NO,23,131,DAL25,NO23
12-3-2019,MIA,4,164,TOR,10,149,MIA4,TOR10
12-3-2019,HOU,22,180,SA,24,183,HOU22,SA24
12-3-2019,LAL,27,142,DEN,20,130,LAL27,DEN20
12-3-2019,POR,19,131,LAC,28,158,POR19,LAC28
12-4-2019,GS,26,123,CHA,2,144,GS26,CHA2
12-4-2019,MIL,15,172,DET,14,139,MIL15,DET14
12-4-2019,PHO,29,154,ORL,5,173,PHO29,ORL5
12-4-2019,BKN,8,176,ATL,3,160,BKN8,ATL3
12-4-2019,MIA,4,126,BOS,9,152,MIA4,BOS9
12-4-2019,MEM,21,134,CHI,11,144,MEM21,CHI11
12-4-2019,IND,13,145,OKC,18,135,IND13,OKC18
12-4-2019,MIN,16,154,DAL,25,164,MIN16,DAL25
12-4-2019,LAL,27,164,UTA,17,130,LAL27,UTA17
12-4-2019,SAC,30,157,POR,19,172,SAC30,POR19
12-5-2019,PHI,7,153,WAS,1,161,PHI7,WAS1
12-5-2019,DEN,20,175,NY,6,125,DEN20,NY6
12-5-2019,HOU,22,161,TOR,10,148,HOU22,TOR10
12-5-2019,PHO,29,188,NO,23,179,PHO29,NO23
12-6-2019,BKN,8,150,CHA,2,141,BKN8,CHA2
12-6-2019,ORL,5,126,CLE,12,118,ORL5,CLE12
12-6-2019,IND,13,137,DET,14,146,IND13,DET14
12-6-2019,DEN,20,129,BOS,9,146,DEN20,BOS9
12-6-2019,GS,26,135,CHI,11,133,GS26,CHI11
12-6-2019,WAS,1,139,MIA,4,152,WAS1,MIA4
12-6-2019,MIN,16,172,OKC,18,188,MIN16,OKC18
12-6-2019,LAC,28,123,MIL,15,161,LAC28,MIL15
12-6-2019,SAC,30,141,SA,24,142,SAC30,SA24
12-6-2019,LAL,27,184,POR,19,153,LAL27,POR19
12-7-2019,NO,23,114,DAL,25,176,NO23,DAL25
12-7-2019,IND,13,141,NY,6,139,IND13,NY6
12-7-2019,CLE,12,127,PHI,7,191,CLE12,PHI7
12-7-2019,PHO,29,148,HOU,22,156,PHO29,HOU22
12-7-2019,MEM,21,152,UTA,17,171,MEM21,UTA17
12-8-2019,DEN,20,138,BKN,8,142,DEN20,BKN8
12-8-2019,ATL,3,165,CHA,2,145,ATL3,CHA2
12-8-2019,CHI,11,142,MIA,4,149,CHI11,MIA4
12-8-2019,TOR,10,141,PHI,7,149,TOR10,PHI7
12-8-2019,LAC,28,183,WAS,1,161,LAC28,WAS1
12-8-2019,SAC,30,149,DAL,25,144,SAC30,DAL25
12-8-2019,OKC,18,146,POR,19,130,OKC18,POR19
12-8-2019,MIN,16,169,LAL,27,192,MIN16,LAL27
12-9-2019,LAC,28,149,IND,13,134,LAC28,IND13
12-9-2019,CLE,12,119,BOS,9,149,CLE12,BOS9
12-9-2019,TOR,10,126,CHI,11,125,TOR10,CHI11
12-9-2019,SAC,30,161,HOU,22,160,SAC30,HOU22
12-9-2019,ORL,5,137,MIL,15,149,ORL5,MIL15
12-9-2019,DET,14,142,NO,23,139,DET14,NO23
12-9-2019,MIN,16,148,PHO,29,169,MIN16,PHO29
12-9-2019,OKC,18,141,UTA,17,122,OKC18,UTA17
12-9-2019,MEM,21,149,GS,26,138,MEM21,GS26
12-10-2019,WAS,1,145,CHA,2,154,WAS1,CHA2
12-10-2019,ATL,3,164,MIA,4,183,ATL3,MIA4
12-10-2019,DEN,20,125,PHI,7,131,DEN20,PHI7
12-10-2019,NY,6,118,POR,19,156,NY6,POR19
12-11-2019,HOU,22,157,CLE,12,149,HOU22,CLE12
12-11-2019,BOS,9,158,IND,13,165,BOS9,IND13
12-11-2019,LAL,27,130,ORL,5,118,LAL27,ORL5
12-11-2019,LAC,28,152,TOR,10,125,LAC28,TOR10
12-11-2019,CHA,2,153,BKN,8,146,CHA2,BKN8
12-11-2019,ATL,3,138,CHI,11,184,ATL3,CHI11
12-11-2019,UTA,17,172,MIN,16,157,UTA17,MIN16
12-11-2019,MEM,21,156,PHO,29,146,MEM21,PHO29
12-11-2019,NO,23,152,MIL,15,172,NO23,MIL15
12-11-2019,OKC,18,126,SAC,30,127,OKC18,SAC30
12-11-2019,NY,6,168,GS,26,165,NY6,GS26
12-12-2019,PHI,7,156,BOS,9,148,PHI7,BOS9
12-12-2019,CLE,12,158,SA,24,148,CLE12,SA24
12-12-2019,DAL,25,165,DET,14,150,DAL25,DET14
12-12-2019,POR,19,134,DEN,20,154,POR19,DEN20
12-13-2019,LAL,27,153,MIA,4,149,LAL27,MIA4
12-13-2019,HOU,22,176,ORL,5,145,HOU22,ORL5
12-13-2019,NO,23,148,PHI,7,157,NO23,PHI7
12-13-2019,IND,13,149,ATL,3,135,IND13,ATL3
12-13-2019,CHA,2,112,CHI,11,99,CHA2,CHI11
12-13-2019,MIL,15,172,MEM,21,154,MIL15,MEM21
12-13-2019,GS,26,144,UTA,17,154,GS26,UTA17
12-13-2019,LAC,28,168,MIN,16,158,LAC28,MIN16
12-13-2019,NY,6,139,SAC,30,137,NY6,SAC30
12-14-2019,SA,24,164,PHO,29,161,SA24,PHO29
12-14-2019,BKN,8,138,TOR,10,149,BKN8,TOR10
12-14-2019,LAC,28,144,CHI,11,148,LAC28,CHI11
12-14-2019,WAS,1,150,MEM,21,173,WAS1,MEM21
12-14-2019,MIA,4,165,DAL,25,160,MIA4,DAL25
12-14-2019,CLE,12,146,MIL,15,169,CLE12,MIL15
12-14-2019,OKC,18,138,DEN,20,149,OKC18,DEN20
12-14-2019,DET,14,156,HOU,22,145,DET14,HOU22
12-15-2019,ORL,5,176,NO,23,161,ORL5,NO23
12-15-2019,CHA,2,115,IND,13,145,CHA2,IND13
12-15-2019,LAL,27,137,ATL,3,130,LAL27,ATL3
12-15-2019,PHI,7,121,BKN,8,148,PHI7,BKN8
12-15-2019,NY,6,142,DEN,20,150,NY6,DEN20
12-15-2019,SAC,30,135,GS,26,107,SAC30,GS26
12-16-2019,WAS,1,180,DET,14,161,WAS1,DET14
12-16-2019,CLE,12,153,TOR,10,180,CLE12,TOR10
12-16-2019,SA,24,145,HOU,22,148,SA24,HOU22
12-16-2019,MIA,4,150,MEM,21,160,MIA4,MEM21
12-16-2019,DAL,25,162,MIL,15,157,DAL25,MIL15
12-16-2019,CHI,11,144,OKC,18,148,CHI11,OKC18
12-16-2019,POR,19,150,PHO,29,149,POR19,PHO29
12-17-2019,SAC,30,138,CHA,2,149,SAC30,CHA2
12-17-2019,LAL,27,138,IND,13,142,LAL27,IND13
12-17-2019,ATL,3,162,NY,6,194,ATL3,NY6
12-17-2019,BKN,8,146,NO,23,137,BKN8,NO23
12-17-2019,ORL,5,138,UTA,17,148,ORL5,UTA17
12-17-2019,PHO,29,134,LAC,28,162,PHO29,LAC28
12-18-2019,CHA,2,133,CLE,12,135,CHA2,CLE12
12-18-2019,TOR,10,152,DET,14,134,TOR10,DET14
12-18-2019,MIA,4,146,PHI,7,141,MIA4,PHI7
12-18-2019,CHI,11,149,WAS,1,148,CHI11,WAS1
12-18-2019,NO,23,145,MIN,16,134,NO23,MIN16
12-18-2019,MEM,21,165,OKC,18,171,MEM21,OKC18
12-18-2019,ORL,5,141,DEN,20,153,ORL5,DEN20
12-18-2019,BOS,9,148,DAL,25,139,BOS9,DAL25
12-18-2019,GS,26,152,POR,19,165,GS26,POR19
12-19-2019,UTA,17,150,ATL,3,144,UTA17,ATL3
12-19-2019,LAL,27,141,MIL,15,150,LAL27,MIL15
12-19-2019,BKN,8,142,SA,24,160,BKN8,SA24
12-19-2019,HOU,22,165,LAC,28,158,HOU22,LAC28
12-20-2019,MEM,21,145,CLE,12,154,MEM21,CLE12
12-20-2019,SAC,30,142,IND,13,161,SAC30,IND13
12-20-2019,DET,14,126,BOS,9,154,DET14,BOS9
12-20-2019,WAS,1,160,TOR,10,165,WAS1,TOR10
12-20-2019,NY,6,154,MIA,4,175,NY6,MIA4
12-20-2019,PHO,29,146,OKC,18,171,PHO29,OKC18
12-20-2019,DAL,25,158,PHI,7,133,DAL25,PHI7
12-20-2019,MIN,16,135,DEN,20,148,MIN16,DEN20
12-20-2019,ORL,5,139,POR,19,160,ORL5,POR19
12-20-2019,NO,23,138,GS,26,144,NO23,GS26
12-21-2019,UTA,17,154,CHA,2,145,UTA17,CHA2
12-21-2019,ATL,3,152,BKN,8,165,ATL3,BKN8
12-21-2019,CHI,11,161,DET,14,145,CHI11,DET14
12-21-2019,WAS,1,146,PHI,7,169,WAS1,PHI7
12-21-2019,MIL,15,167,NY,6,138,MIL15,NY6
12-21-2019,SAC,30,156,MEM,21,161,SAC30,MEM21
12-21-2019,LAC,28,181,SA,24,148,LAC28,SA24
12-21-2019,HOU,22,188,PHO,29,169,HOU22,PHO29
12-21-2019,MIN,16,144,POR,19,153,MIN16,POR19
12-22-2019,DAL,25,145,TOR,10,149,DAL25,TOR10
12-22-2019,CHA,2,126,BOS,9,161,CHA2,BOS9
12-22-2019,IND,13,121,MIL,15,158,IND13,MIL15
12-22-2019,LAC,28,152,OKC,18,160,LAC28,OKC18
12-22-2019,DEN,20,173,LAL,27,141,DEN20,LAL27
12-23-2019,ATL,3,160,CLE,12,164,ATL3,CLE12
12-23-2019,PHI,7,169,DET,14,148,PHI7,DET14
12-23-2019,TOR,10,156,IND,13,162,TOR10,IND13
12-23-2019,WAS,1,164,NY,6,156,WAS1,NY6
12-23-2019,CHI,11,129,ORL,5,139,CHI11,ORL5
12-23-2019,UTA,17,141,MIA,4,145,UTA17,MIA4
12-23-2019,SA,24,196,MEM,21,156,SA24,MEM21
12-23-2019,DEN,20,153,PHO,29,150,DEN20,PHO29
12-23-2019,NO,23,138,POR,19,127,NO23,POR19
12-23-2019,HOU,22,153,SAC,30,141,HOU22,SAC30
12-23-2019,MIN,16,141,GS,26,153,MIN16,GS26
12-25-2019,BOS,9,160,TOR,10,138,BOS9,TOR10
12-25-2019,MIL,15,148,PHI,7,164,MIL15,PHI7
12-25-2019,HOU,22,141,GS,26,157,HOU22,GS26
12-25-2019,LAC,28,150,LAL,27,144,LAC28,LAL27
12-25-2019,NO,23,152,DEN,20,135,NO23,DEN20
12-26-2019,WAS,1,138,DET,14,179,WAS1,DET14
12-26-2019,NY,6,127,BKN,8,111,NY6,BKN8
12-26-2019,SA,24,133,DAL,25,138,SA24,DAL25
12-26-2019,MEM,21,149,OKC,18,131,MEM21,OKC18
12-26-2019,MIN,16,142,SAC,30,141,MIN16,SAC30
12-26-2019,POR,19,156,UTA,17,164,POR19,UTA17
12-27-2019,CLE,12,158,BOS,9,175,CLE12,BOS9
12-27-2019,OKC,18,141,CHA,2,138,OKC18,CHA2
12-27-2019,PHI,7,131,ORL,5,133,PHI7,ORL5
12-27-2019,MIL,15,152,ATL,3,116,MIL15,ATL3
12-27-2019,IND,13,152,MIA,4,153,IND13,MIA4
12-27-2019,PHO,29,130,GS,26,142,PHO29,GS26
12-28-2019,MEM,21,149,DEN,20,161,MEM21,DEN20
12-28-2019,TOR,10,153,BOS,9,131,TOR10,BOS9
12-28-2019,IND,13,133,NO,23,162,IND13,NO23
12-28-2019,ATL,3,110,CHI,11,157,ATL3,CHI11
12-28-2019,BKN,8,133,HOU,22,146,BKN8,HOU22
12-28-2019,PHI,7,157,MIA,4,158,PHI7,MIA4
12-28-2019,CLE,12,127,MIN,16,119,CLE12,MIN16
12-28-2019,NY,6,145,WAS,1,135,NY6,WAS1
12-28-2019,DAL,25,191,GS,26,164,DAL25,GS26
12-28-2019,ORL,5,135,MIL,15,150,ORL5,MIL15
12-28-2019,DET,14,148,SA,24,184,DET14,SA24
12-28-2019,PHO,29,152,SAC,30,149,PHO29,SAC30
12-28-2019,LAL,27,173,POR,19,162,LAL27,POR19
12-28-2019,UTA,17,162,LAC,28,145,UTA17,LAC28
12-29-2019,OKC,18,133,TOR,10,131,OKC18,TOR10
12-29-2019,SAC,30,156,DEN,20,162,SAC30,DEN20
12-29-2019,CHA,2,141,MEM,21,158,CHA2,MEM21
12-29-2019,HOU,22,152,NO,23,172,HOU22,NO23
12-29-2019,DAL,25,129,LAL,27,146,DAL25,LAL27
12-30-2019,ATL,3,137,ORL,5,126,ATL3,ORL5
12-30-2019,MIA,4,142,WAS,1,167,MIA4,WAS1
12-30-2019,MIL,15,167,CHI,11,138,MIL15,CHI11
12-30-2019,BKN,8,156,MIN,16,165,BKN8,MIN16
12-30-2019,DET,14,110,UTA,17,141,DET14,UTA17
12-30-2019,PHO,29,165,POR,19,157,PHO29,POR19
12-31-2019,BOS,9,148,CHA,2,125,BOS9,CHA2
12-31-2019,PHI,7,131,IND,13,156,PHI7,IND13
12-31-2019,LAC,28,142,SAC,30,118,LAC28,SAC30
12-31-2019,DEN,20,141,HOU,22,176,DEN20,HOU22
12-31-2019,GS,26,153,SA,24,158,GS26,SA24
12-31-2019,CLE,12,131,TOR,10,158,CLE12,TOR10
12-31-2019,DAL,25,137,OKC,18,144,DAL25,OKC18
1-1-2020,ORL,5,165,WAS,1,137,ORL5,WAS1
1-1-2020,POR,19,126,NY,6,158,POR19,NY6
1-1-2020,MIN,16,141,MIL,15,144,MIN16,MIL15
1-1-2020,PHO,29,145,LAL,27,158,PHO29,LAL27
1-2-2020,CHA,2,148,CLE,12,144,CHA2,CLE12
1-2-2020,DEN,20,168,IND,13,157,DEN20,IND13
1-2-2020,TOR,10,103,MIA,4,114,TOR10,MIA4
1-2-2020,UTA,17,138,CHI,11,133,UTA17,CHI11
1-2-2020,GS,26,114,MIN,16,134,GS26,MIN16
1-2-2020,BKN,8,150,DAL,25,167,BKN8,DAL25
1-2-2020,OKC,18,148,SA,24,139,OKC18,SA24
1-2-2020,MEM,21,167,SAC,30,173,MEM21,SAC30
1-2-2020,DET,14,152,LAC,28,171,DET14,LAC28
1-3-2020,ATL,3,144,BOS,9,148,ATL3,BOS9
1-3-2020,MIA,4,115,ORL,5,142,MIA4,ORL5
1-3-2020,POR,19,165,WAS,1,139,POR19,WAS1
1-3-2020,PHI,7,146,HOU,22,160,PHI7,HOU22
1-3-2020,NY,6,152,PHO,29,162,NY6,PHO29
1-3-2020,NO,23,153,LAL,27,167,NO23,LAL27
1-4-2020,MEM,21,190,LAC,28,154,MEM21,LAC28
1-4-2020,TOR,10,164,BKN,8,138,TOR10,BKN8
1-4-2020,UTA,17,148,ORL,5,130,UTA17,ORL5
1-4-2020,IND,13,150,ATL,3,157,IND13,ATL3
1-4-2020,OKC,18,164,CLE,12,144,OKC18,CLE12
1-4-2020,BOS,9,150,CHI,11,141,BOS9,CHI11
1-4-2020,DEN,20,154,WAS,1,173,DEN20,WAS1
1-4-2020,CHA,2,167,DAL,25,162,CHA2,DAL25
1-4-2020,DET,14,150,GS,26,141,DET14,GS26
1-4-2020,SA,24,160,MIL,15,172,SA24,MIL15
1-4-2020,NO,23,158,SAC,30,156,NO23,SAC30
1-5-2020,NY,6,179,LAC,28,183,NY6,LAC28
1-5-2020,POR,19,150,MIA,4,165,POR19,MIA4
1-5-2020,MIN,16,160,CLE,12,139,MIN16,CLE12
1-5-2020,MEM,21,164,PHO,29,154,MEM21,PHO29
1-5-2020,DET,14,134,LAL,27,144,DET14,LAL27
1-6-2020,IND,13,156,CHA,2,141,IND13,CHA2
1-6-2020,BKN,8,121,ORL,5,137,BKN8,ORL5
1-6-2020,OKC,18,153,PHI,7,162,OKC18,PHI7
1-6-2020,BOS,9,127,WAS,1,134,BOS9,WAS1
1-6-2020,DEN,20,167,ATL,3,156,DEN20,ATL3
1-6-2020,UTA,17,173,NO,23,171,UTA17,NO23
1-6-2020,CHI,11,149,DAL,25,160,CHI11,DAL25
1-6-2020,MIL,15,141,SA,24,171,MIL15,SA24
1-6-2020,GS,26,133,SAC,30,150,GS26,SAC30
1-7-2020,DET,14,156,CLE,12,153,DET14,CLE12
1-7-2020,POR,19,137,TOR,10,134,POR19,TOR10
1-7-2020,OKC,18,150,BKN,8,139,OKC18,BKN8
1-7-2020,MIN,16,152,MEM,21,161,MIN16,MEM21
1-7-2020,SAC,30,154,PHO,29,139,SAC30,PHO29
1-7-2020,NY,6,118,LAL,27,158,NY6,LAL27
1-8-2020,SA,24,175,BOS,9,154,SA24,BOS9
1-8-2020,TOR,10,152,CHA,2,149,TOR10,CHA2
1-8-2020,MIA,4,165,IND,13,146,MIA4,IND13
1-8-2020,WAS,1,121,ORL,5,167,WAS1,ORL5
1-8-2020,HOU,22,165,ATL,3,156,HOU22,ATL3
1-8-2020,DEN,20,145,DAL,25,144,DEN20,DAL25
1-8-2020,CHI,11,146,NO,23,167,CHI11,NO23
1-8-2020,NY,6,141,UTA,17,173,NY6,UTA17
1-8-2020,MIL,15,145,GS,26,133,MIL15,GS26
1-9-2020,CLE,12,156,DET,14,152,CLE12,DET14
1-9-2020,BOS,9,133,PHI,7,148,BOS9,PHI7
1-9-2020,POR,19,138,MIN,16,157,POR19,MIN16
1-9-2020,HOU,22,125,OKC,18,153,HOU22,OKC18
1-10-2020,ATL,3,137,WAS,1,150,ATL3,WAS1
1-10-2020,NO,23,167,NY,6,150,NO23,NY6
1-10-2020,MIA,4,153,BKN,8,158,MIA4,BKN8
1-10-2020,IND,13,157,CHI,11,142,IND13,CHI11
1-10-2020,SA,24,164,MEM,21,181,SA24,MEM21
1-10-2020,ORL,5,127,PHO,29,133,ORL5,PHO29
1-10-2020,CHA,2,125,UTA,17,148,CHA2,UTA17
1-10-2020,LAL,27,175,DAL,25,154,LAL27,DAL25
1-10-2020,MIL,15,172,SAC,30,144,MIL15,SAC30
1-10-2020,GS,26,135,LAC,28,148,GS26,LAC28
1-11-2020,MIN,16,148,HOU,22,188,MIN16,HOU22
1-11-2020,NO,23,142,BOS,9,190,NO23,BOS9
1-11-2020,CHI,11,146,DET,14,134,CHI11,DET14
1-11-2020,LAL,27,169,OKC,18,149,LAL27,OKC18
1-11-2020,PHI,7,123,DAL,25,148,PHI7,DAL25
1-11-2020,CLE,12,150,DEN,20,139,CLE12,DEN20
1-11-2020,MIL,15,165,POR,19,137,MIL15,POR19
1-12-2020,MIA,4,164,NY,6,168,MIA4,NY6
1-12-2020,UTA,17,172,WAS,1,157,UTA17,WAS1
1-12-2020,ATL,3,116,BKN,8,146,ATL3,BKN8
1-12-2020,GS,26,138,MEM,21,165,GS26,MEM21
1-12-2020,SA,24,142,TOR,10,141,SA24,TOR10
1-12-2020,LAC,28,141,DEN,20,154,LAC28,DEN20
1-12-2020,CHA,2,125,PHO,29,135,CHA2,PHO29
1-13-2020,NO,23,158,DET,14,149,NO23,DET14
1-13-2020,PHI,7,129,IND,13,137,PHI7,IND13
1-13-2020,CHI,11,137,BOS,9,153,CHI11,BOS9
1-13-2020,OKC,18,158,MIN,16,141,OKC18,MIN16
1-13-2020,CHA,2,152,POR,19,156,CHA2,POR19
1-13-2020,ORL,5,154,SAC,30,152,ORL5,SAC30
1-13-2020,CLE,12,134,LAL,27,173,CLE12,LAL27
1-14-2020,PHO,29,149,ATL,3,167,PHO29,ATL3
1-14-2020,UTA,17,160,BKN,8,145,UTA17,BKN8
1-14-2020,HOU,22,149,MEM,21,164,HOU22,MEM21
1-14-2020,NY,6,138,MIL,15,173,NY6,MIL15
1-14-2020,DAL,25,168,GS,26,131,DAL25,GS26
1-14-2020,CLE,12,139,LAC,28,173,CLE12,LAC28
1-15-2020,DET,14,157,BOS,9,139,DET14,BOS9
1-15-2020,BKN,8,144,PHI,7,158,BKN8,PHI7
1-15-2020,SA,24,135,MIA,4,144,SA24,MIA4
1-15-2020,WAS,1,144,CHI,11,156,WAS1,CHI11
1-15-2020,IND,13,141,MIN,16,134,IND13,MIN16
1-15-2020,TOR,10,176,OKC,18,164,TOR10,OKC18
1-15-2020,CHA,2,116,DEN,20,135,CHA2,DEN20
1-15-2020,POR,19,158,HOU,22,145,POR19,HOU22
1-15-2020,DAL,25,172,SAC,30,167,DAL25,SAC30
1-15-2020,ORL,5,161,LAL,27,160,ORL5,LAL27
1-16-2020,PHO,29,164,NY,6,133,PHO29,NY6
1-16-2020,BOS,9,167,MIL,15,173,BOS9,MIL15
1-16-2020,UTA,17,179,NO,23,187,UTA17,NO23
1-16-2020,DEN,20,181,GS,26,177,DEN20,GS26
1-16-2020,ORL,5,129,LAC,28,165,ORL5,LAC28
1-17-2020,MIN,16,154,IND,13,157,MIN16,IND13
1-17-2020,CHI,11,121,PHI,7,135,CHI11,PHI7
1-17-2020,WAS,1,150,TOR,10,190,WAS1,TOR10
1-17-2020,CLE,12,148,MEM,21,153,CLE12,MEM21
1-17-2020,MIA,4,156,OKC,18,146,MIA4,OKC18
1-17-2020,ATL,3,164,SA,24,162,ATL3,SA24
1-17-2020,POR,19,152,DAL,25,162,POR19,DAL25
1-18-2020,LAC,28,180,NO,23,176,LAC28,NO23
1-18-2020,MIL,15,158,BKN,8,131,MIL15,BKN8
1-18-2020,PHO,29,167,BOS,9,161,PHO29,BOS9
1-18-2020,DET,14,184,ATL,3,139,DET14,ATL3
1-18-2020,PHI,7,122,NY,6,118,PHI7,NY6
1-18-2020,CLE,12,157,CHI,11,160,CLE12,CHI11
1-18-2020,TOR,10,165,MIN,16,152,TOR10,MIN16
1-18-2020,ORL,5,129,GS,26,148,ORL5,GS26
1-18-2020,LAL,27,168,HOU,22,156,LAL27,HOU22
1-18-2020,POR,19,144,OKC,18,161,POR19,OKC18
1-18-2020,SAC,30,137,UTA,17,167,SAC30,UTA17
1-19-2020,MIA,4,138,SA,24,145,MIA4,SA24
1-19-2020,IND,13,156,DEN,20,145,IND13,DEN20
1-20-2020,DET,14,135,WAS,1,144,DET14,WAS1
1-20-2020,TOR,10,165,ATL,3,158,TOR10,ATL3
1-20-2020,PHI,7,158,BKN,8,150,PHI7,BKN8
1-20-2020,ORL,5,144,CHA,2,112,ORL5,CHA2
1-20-2020,NY,6,144,CLE,12,116,NY6,CLE12
1-20-2020,OKC,18,152,HOU,22,145,OKC18,HOU22
1-20-2020,NO,23,171,MEM,21,157,NO23,MEM21
1-20-2020,SAC,30,153,MIA,4,160,SAC30,MIA4
1-20-2020,CHI,11,133,MIL,15,150,CHI11,MIL15
1-20-2020,LAL,27,145,BOS,9,188,LAL27,BOS9
1-20-2020,DEN,20,145,MIN,16,135,DEN20,MIN16
1-20-2020,SA,24,162,PHO,29,160,SA24,PHO29
1-20-2020,IND,13,119,UTA,17,160,IND13,UTA17
1-20-2020,GS,26,168,POR,19,175,GS26,POR19
1-21-2020,LAC,28,149,DAL,25,145,LAC28,DAL25
1-22-2020,SAC,30,144,DET,14,172,SAC30,DET14
1-22-2020,OKC,18,162,ORL,5,154,OKC18,ORL5
1-22-2020,PHI,7,129,TOR,10,145,PHI7,TOR10
1-22-2020,LAC,28,129,ATL,3,138,LAC28,ATL3
1-22-2020,MEM,21,129,BOS,9,161,MEM21,BOS9
1-22-2020,WAS,1,175,MIA,4,181,WAS1,MIA4
1-22-2020,LAL,27,135,NY,6,125,LAL27,NY6
1-22-2020,MIN,16,149,CHI,11,158,MIN16,CHI11
1-22-2020,DEN,20,142,HOU,22,164,DEN20,HOU22
1-22-2020,IND,13,152,PHO,29,118,IND13,PHO29
1-22-2020,SA,24,164,NO,23,158,SA24,NO23
1-22-2020,UTA,17,175,GS,26,130,UTA17,GS26
1-23-2020,WAS,1,168,CLE,12,152,WAS1,CLE12
1-23-2020,LAL,27,173,BKN,8,153,LAL27,BKN8
1-23-2020,DAL,25,180,POR,19,169,DAL25,POR19
1-24-2020,MIL,15,157,CHA,2,139,MIL15,CHA2
1-24-2020,MEM,21,169,DET,14,152,MEM21,DET14
1-24-2020,BOS,9,148,ORL,5,133,BOS9,ORL5
1-24-2020,TOR,10,160,NY,6,152,TOR10,NY6
1-24-2020,SAC,30,133,CHI,11,110,SAC30,CHI11
1-24-2020,LAC,28,165,MIA,4,158,LAC28,MIA4
1-24-2020,HOU,22,177,MIN,16,168,HOU22,MIN16
1-24-2020,DEN,20,153,NO,23,144,DEN20,NO23
1-24-2020,ATL,3,150,OKC,18,190,ATL3,OKC18
1-24-2020,PHO,29,139,SA,24,134,PHO29,SA24
1-24-2020,IND,13,175,GS,26,160,IND13,GS26
1-25-2020,DAL,25,145,UTA,17,152,DAL25,UTA17
1-25-2020,BKN,8,164,DET,14,150,BKN8,DET14
1-25-2020,CHI,11,160,CLE,12,144,CHI11,CLE12
1-25-2020,OKC,18,153,MIN,16,141,OKC18,MIN16
1-25-2020,LAL,27,123,PHI,7,146,LAL27,PHI7
1-26-2020,HOU,22,149,DEN,20,158,HOU22,DEN20
1-26-2020,TOR,10,149,SA,24,144,TOR10,SA24
1-26-2020,WAS,1,180,ATL,3,206,WAS1,ATL3
1-26-2020,PHO,29,148,MEM,21,154,PHO29,MEM21
1-26-2020,BOS,9,146,NO,23,167,BOS9,NO23
1-26-2020,BKN,8,131,NY,6,149,BKN8,NY6
1-26-2020,LAC,28,152,ORL,5,131,LAC28,ORL5
1-26-2020,IND,13,175,POR,19,188,IND13,POR19
1-27-2020,CLE,12,156,DET,14,135,CLE12,DET14
1-27-2020,ORL,5,125,MIA,4,153,ORL5,MIA4
1-27-2020,SA,24,148,CHI,11,149,SA24,CHI11
1-27-2020,SAC,30,180,MIN,16,175,SAC30,MIN16
1-27-2020,DAL,25,145,OKC,18,131,DAL25,OKC18
1-27-2020,HOU,22,171,UTA,17,158,HOU22,UTA17
1-28-2020,NY,6,125,CHA,2,131,NY6,CHA2
1-28-2020,GS,26,141,PHI,7,156,GS26,PHI7
1-28-2020,NO,23,169,CLE,12,150,NO23,CLE12
1-28-2020,ATL,3,154,TOR,10,176,ATL3,TOR10
1-28-2020,DEN,20,130,MEM,21,141,DEN20,MEM21
1-28-2020,BOS,9,148,MIA,4,137,BOS9,MIA4
1-28-2020,WAS,1,177,MIL,15,204,WAS1,MIL15
1-28-2020,PHO,29,180,DAL,25,141,PHO29,DAL25
1-28-2020,LAC,28,0,LAL,27,0,LAC28,LAL27
1-29-2020,CHI,11,144,IND,13,156,CHI11,IND13
1-29-2020,DET,14,156,BKN,8,169,DET14,BKN8
1-29-2020,MEM,21,172,NY,6,144,MEM21,NY6
1-29-2020,UTA,17,162,SA,24,172,UTA17,SA24
1-29-2020,HOU,22,152,POR,19,169,HOU22,POR19
1-29-2020,OKC,18,162,SAC,30,135,OKC18,SAC30
1-30-2020,TOR,10,156,CLE,12,148,TOR10,CLE12
1-30-2020,CHA,2,145,WAS,1,164,CHA2,WAS1
1-30-2020,PHI,7,158,ATL,3,172,PHI7,ATL3
1-30-2020,GS,26,141,BOS,9,161,GS26,BOS9
1-30-2020,UTA,17,135,DEN,20,144,UTA17,DEN20
1-30-2020,SAC,30,168,LAC,28,139,SAC30,LAC28
1-31-2020,TOR,10,142,DET,14,125,TOR10,DET14
1-31-2020,CHI,11,160,BKN,8,180,CHI11,BKN8
1-31-2020,DAL,25,164,HOU,22,173,DAL25,HOU22
1-31-2020,MEM,21,150,NO,23,188,MEM21,NO23
1-31-2020,DEN,20,172,MIL,15,156,DEN20,MIL15
1-31-2020,OKC,18,150,PHO,29,145,OKC18,PHO29
1-31-2020,POR,19,172,LAL,27,161,POR19,LAL27
2-1-2020,MIN,16,144,LAC,28,160,MIN16,LAC28
2-1-2020,NY,6,125,IND,13,115,NY6,IND13
2-1-2020,MIA,4,138,ORL,5,121,MIA4,ORL5
2-1-2020,GS,26,177,CLE,12,152,GS26,CLE12
2-1-2020,BKN,8,145,WAS,1,153,BKN8,WAS1
2-1-2020,PHI,7,129,BOS,9,157,PHI7,BOS9
2-1-2020,ATL,3,135,DAL,25,167,ATL3,DAL25
2-1-2020,CHA,2,122,SA,24,154,CHA2,SA24
2-1-2020,LAL,27,175,SAC,30,153,LAL27,SAC30
2-1-2020,UTA,17,145,POR,19,168,UTA17,POR19
2-2-2020,DEN,20,167,DET,14,173,DEN20,DET14
2-2-2020,NO,23,148,HOU,22,158,NO23,HOU22
2-2-2020,PHO,29,146,MIL,15,175,PHO29,MIL15
2-2-2020,CHI,11,138,TOR,10,175,CHI11,TOR10
2-3-2020,ORL,5,152,CHA,2,135,ORL5,CHA2
2-3-2020,NY,6,188,CLE,12,181,NY6,CLE12
2-3-2020,DAL,25,152,IND,13,139,DAL25,IND13
2-3-2020,GS,26,169,WAS,1,158,GS26,WAS1
2-3-2020,BOS,9,167,ATL,3,156,BOS9,ATL3
2-3-2020,PHO,29,131,BKN,8,161,PHO29,BKN8
2-3-2020,PHI,7,144,MIA,4,185,PHI7,MIA4
2-3-2020,DET,14,111,MEM,21,130,DET14,MEM21
2-3-2020,MIN,16,148,SAC,30,153,MIN16,SAC30
2-3-2020,SA,24,142,LAC,28,146,SA24,LAC28
2-4-2020,MIL,15,162,NO,23,146,MIL15,NO23
2-4-2020,CHA,2,149,HOU,22,169,CHA2,HOU22
2-4-2020,POR,19,134,DEN,20,172,POR19,DEN20
2-4-2020,SA,24,138,LAL,27,175,SA24,LAL27
2-5-2020,PHO,29,146,DET,14,157,PHO29,DET14
2-5-2020,GS,26,119,BKN,8,175,GS26,BKN8
2-5-2020,ORL,5,135,BOS,9,157,ORL5,BOS9
2-5-2020,IND,13,160,TOR,10,161,IND13,TOR10
2-5-2020,ATL,3,172,MIN,16,162,ATL3,MIN16
2-5-2020,CLE,12,139,OKC,18,148,CLE12,OKC18
2-5-2020,MEM,21,164,DAL,25,145,MEM21,DAL25
2-5-2020,DEN,20,133,UTA,17,129,DEN20,UTA17
2-5-2020,MIA,4,150,LAC,28,173,MIA4,LAC28
2-6-2020,ORL,5,139,NY,6,142,ORL5,NY6
2-6-2020,NO,23,169,CHI,11,161,NO23,CHI11
2-6-2020,PHI,7,137,MIL,15,152,PHI7,MIL15
2-6-2020,SA,24,158,POR,19,169,SA24,POR19
2-6-2020,HOU,22,164,LAL,27,150,HOU22,LAL27
2-7-2020,MEM,21,145,PHI,7,161,MEM21,PHI7
2-7-2020,DAL,25,160,WAS,1,161,DAL25,WAS1
2-7-2020,ATL,3,145,BOS,9,152,ATL3,BOS9
2-7-2020,TOR,10,156,IND,13,144,TOR10,IND13
2-7-2020,DET,14,137,OKC,18,146,DET14,OKC18
2-7-2020,HOU,22,123,PHO,29,172,HOU22,PHO29
2-7-2020,MIA,4,131,SAC,30,142,MIA4,SAC30
2-7-2020,POR,19,154,UTA,17,158,POR19,UTA17
2-8-2020,MIL,15,,ORL,5,,MIL15,ORL5
2-8-2020,DAL,25,,CHA,2,,DAL25,CHA2
2-8-2020,NY,6,,DET,14,,NY6,DET14
2-8-2020,NO,23,,IND,13,,NO23,IND13
2-8-2020,BKN,8,,TOR,10,,BKN8,TOR10
2-8-2020,LAC,28,,MIN,16,,LAC28,MIN16
2-8-2020,LAL,27,,GS,26,,LAL27,GS26
2-8-2020,DEN,20,,PHO,29,,DEN20,PHO29
2-8-2020,SA,24,,SAC,30,,SA24,SAC30
2-9-2020,BOS,9,,OKC,18,,BOS9,OKC18
2-9-2020,NY,6,,ATL,3,,NY6,ATL3
2-9-2020,CHI,11,,PHI,7,,CHI11,PHI7
2-9-2020,MEM,21,,WAS,1,,MEM21,WAS1
2-9-2020,UTA,17,,HOU,22,,UTA17,HOU22
2-9-2020,LAC,28,,CLE,12,,LAC28,CLE12
2-9-2020,MIA,4,,POR,19,,MIA4,POR19
2-10-2020,CHA,2,,DET,14,,CHA2,DET14
2-10-2020,BKN,8,,IND,13,,BKN8,IND13
2-10-2020,ATL,3,,ORL,5,,ATL3,ORL5
2-10-2020,MIN,16,,TOR,10,,MIN16,TOR10
2-10-2020,SAC,30,,MIL,15,,SAC30,MIL15
2-10-2020,UTA,17,,DAL,25,,UTA17,DAL25
2-10-2020,SA,24,,DEN,20,,SA24,DEN20
2-10-2020,MIA,4,,GS,26,,MIA4,GS26
2-10-2020,PHO,29,,LAL,27,,PHO29,LAL27
2-11-2020,LAC,28,,PHI,7,,LAC28,PHI7
2-11-2020,CHI,11,,WAS,1,,CHI11,WAS1
2-11-2020,POR,19,,NO,23,,POR19,NO23
2-11-2020,SA,24,,OKC,18,,SA24,OKC18
2-11-2020,BOS,9,,HOU,22,,BOS9,HOU22
2-12-2020,ATL,3,,CLE,12,,ATL3,CLE12
2-12-2020,DET,14,,ORL,5,,DET14,ORL5
2-12-2020,TOR,10,,BKN,8,,TOR10,BKN8
2-12-2020,MIL,15,,IND,13,,MIL15,IND13
2-12-2020,WAS,1,,NY,6,,WAS1,NY6
2-12-2020,POR,19,,MEM,21,,POR19,MEM21
2-12-2020,CHA,2,,MIN,16,,CHA2,MIN16
2-12-2020,SAC,30,,DAL,25,,SAC30,DAL25
2-12-2020,GS,26,,PHO,29,,GS26,PHO29
2-12-2020,MIA,4,,UTA,17,,MIA4,UTA17
2-12-2020,LAL,27,,DEN,20,,LAL27,DEN20
2-13-2020,LAC,28,,BOS,9,,LAC28,BOS9
2-13-2020,OKC,18,,NO,23,,OKC18,NO23
2-20-2020,MIL,15,,DET,14,,MIL15,DET14
2-20-2020,MIA,4,,ATL,3,,MIA4,ATL3
2-20-2020,CHA,2,,CHI,11,,CHA2,CHI11
2-20-2020,BKN,8,,PHI,7,,BKN8,PHI7
2-20-2020,MEM,21,,SAC,30,,MEM21,SAC30
2-20-2020,HOU,22,,GS,26,,HOU22,GS26
2-21-2020,DAL,25,,ORL,5,,DAL25,ORL5
2-21-2020,CLE,12,,WAS,1,,CLE12,WAS1
2-21-2020,IND,13,,NY,6,,IND13,NY6
2-21-2020,PHO,29,,TOR,10,,PHO29,TOR10
2-21-2020,BOS,9,,MIN,16,,BOS9,MIN16
2-21-2020,DEN,20,,OKC,18,,DEN20,OKC18
2-21-2020,SA,24,,UTA,17,,SA24,UTA17
2-21-2020,MEM,21,,LAL,27,,MEM21,LAL27
2-21-2020,NO,23,,POR,19,,NO23,POR19
2-22-2020,SAC,30,,LAC,28,,SAC30,LAC28
2-22-2020,BKN,8,,CHA,2,,BKN8,CHA2
2-22-2020,DAL,25,,ATL,3,,DAL25,ATL3
2-22-2020,PHO,29,,CHI,11,,PHO29,CHI11
2-22-2020,CLE,12,,MIA,4,,CLE12,MIA4
2-22-2020,PHI,7,,MIL,15,,PHI7,MIL15
2-22-2020,HOU,22,,UTA,17,,HOU22,UTA17
2-23-2020,BOS,9,,LAL,27,,BOS9,LAL27
2-23-2020,MIN,16,,DEN,20,,MIN16,DEN20
2-23-2020,IND,13,,TOR,10,,IND13,TOR10
2-23-2020,WAS,1,,CHI,11,,WAS1,CHI11
2-23-2020,SA,24,,OKC,18,,SA24,OKC18
2-23-2020,NO,23,,GS,26,,NO23,GS26
2-23-2020,DET,14,,POR,19,,DET14,POR19
2-24-2020,MIA,4,,CLE,12,,MIA4,CLE12
2-24-2020,ATL,3,,PHI,7,,ATL3,PHI7
2-24-2020,MIL,15,,WAS,1,,MIL15,WAS1
2-24-2020,ORL,5,,BKN,8,,ORL5,BKN8
2-24-2020,NY,6,,HOU,22,,NY6,HOU22
2-24-2020,MIN,16,,DAL,25,,MIN16,DAL25
2-24-2020,PHO,29,,UTA,17,,PHO29,UTA17
2-24-2020,MEM,21,,LAC,28,,MEM21,LAC28
2-25-2020,CHA,2,,IND,13,,CHA2,IND13
2-25-2020,MIL,15,,TOR,10,,MIL15,TOR10
2-25-2020,OKC,18,,CHI,11,,OKC18,CHI11
2-25-2020,DET,14,,DEN,20,,DET14,DEN20
2-25-2020,NO,23,,LAL,27,,NO23,LAL27
2-25-2020,BOS,9,,POR,19,,BOS9,POR19
2-25-2020,SAC,30,,GS,26,,SAC30,GS26
2-26-2020,NY,6,,CHA,2,,NY6,CHA2
2-26-2020,PHI,7,,CLE,12,,PHI7,CLE12
2-26-2020,BKN,8,,WAS,1,,BKN8,WAS1
2-26-2020,ORL,5,,ATL,3,,ORL5,ATL3
2-26-2020,MIN,16,,MIA,4,,MIN16,MIA4
2-26-2020,DAL,25,,SA,24,,DAL25,SA24
2-26-2020,MEM,21,,HOU,22,,MEM21,HOU22
2-26-2020,LAC,28,,PHO,29,,LAC28,PHO29
2-26-2020,BOS,9,,UTA,17,,BOS9,UTA17
2-27-2020,NY,6,,PHI,7,,NY6,PHI7
2-27-2020,POR,19,,IND,13,,POR19,IND13
2-27-2020,SAC,30,,OKC,18,,SAC30,OKC18
2-27-2020,LAL,27,,GS,26,,LAL27,GS26
2-28-2020,MIN,16,,ORL,5,,MIN16,ORL5
2-28-2020,BKN,8,,ATL,3,,BKN8,ATL3
2-28-2020,CHA,2,,TOR,10,,CHA2,TOR10
2-28-2020,SAC,30,,MEM,21,,SAC30,MEM21
2-28-2020,DAL,25,,MIA,4,,DAL25,MIA4
2-28-2020,OKC,18,,MIL,15,,OKC18,MIL15
2-28-2020,CLE,12,,NO,23,,CLE12,NO23
2-28-2020,DET,14,,PHO,29,,DET14,PHO29
2-28-2020,WAS,1,,UTA,17,,WAS1,UTA17
2-28-2020,DEN,20,,LAC,28,,DEN20,LAC28
2-29-2020,CHI,11,,NY,6,,CHI11,NY6
2-29-2020,POR,19,,ATL,3,,POR19,ATL3
2-29-2020,BKN,8,,MIA,4,,BKN8,MIA4
2-29-2020,IND,13,,CLE,12,,IND13,CLE12
2-29-2020,LAL,27,,MEM,21,,LAL27,MEM21
2-29-2020,HOU,22,,BOS,9,,HOU22,BOS9
2-29-2020,ORL,5,,SA,24,,ORL5,SA24
2-29-2020,GS,26,,PHO,29,,GS26,PHO29
3-1-2020,MIL,15,,CHA,2,,MIL15,CHA2
3-1-2020,PHI,7,,LAC,28,,PHI7,LAC28
3-1-2020,DAL,25,,MIN,16,,DAL25,MIN16
3-1-2020,TOR,10,,DEN,20,,TOR10,DEN20
3-1-2020,DET,14,,SAC,30,,DET14,SAC30
3-1-2020,LAL,27,,NO,23,,LAL27,NO23
3-1-2020,WAS,1,,GS,26,,WAS1,GS26
3-2-2020,UTA,17,,CLE,12,,UTA17,CLE12
3-2-2020,HOU,22,,NY,6,,HOU22,NY6
3-2-2020,POR,19,,ORL,5,,POR19,ORL5
3-2-2020,MEM,21,,ATL,3,,MEM21,ATL3
3-2-2020,MIL,15,,MIA,4,,MIL15,MIA4
3-2-2020,DAL,25,,CHI,11,,DAL25,CHI11
3-2-2020,IND,13,,SA,24,,IND13,SA24
3-3-2020,SA,24,,CHA,2,,SA24,CHA2
3-3-2020,BKN,8,,BOS,9,,BKN8,BOS9
3-3-2020,MIN,16,,NO,23,,MIN16,NO23
3-3-2020,LAC,28,,OKC,18,,LAC28,OKC18
3-3-2020,GS,26,,DEN,20,,GS26,DEN20
3-3-2020,TOR,10,,PHO,29,,TOR10,PHO29
3-3-2020,PHI,7,,LAL,27,,PHI7,LAL27
3-3-2020,WAS,1,,SAC,30,,WAS1,SAC30
3-4-2020,BOS,9,,CLE,12,,BOS9,CLE12
3-4-2020,OKC,18,,DET,14,,OKC18,DET14
3-4-2020,IND,13,,MIL,15,,IND13,MIL15
3-4-2020,MEM,21,,BKN,8,,MEM21,BKN8
3-4-2020,ORL,5,,MIA,4,,ORL5,MIA4
3-4-2020,UTA,17,,NY,6,,UTA17,NY6
3-4-2020,CHI,11,,MIN,16,,CHI11,MIN16
3-4-2020,NO,23,,DAL,25,,NO23,DAL25
3-4-2020,WAS,1,,POR,19,,WAS1,POR19
3-5-2020,DEN,20,,CHA,2,,DEN20,CHA2
3-5-2020,LAC,28,,HOU,22,,LAC28,HOU22
3-5-2020,PHI,7,,SAC,30,,PHI7,SAC30
3-5-2020,TOR,10,,GS,26,,TOR10,GS26
3-6-2020,ATL,3,,WAS,1,,ATL3,WAS1
3-6-2020,SA,24,,BKN,8,,SA24,BKN8
3-6-2020,OKC,18,,NY,6,,OKC18,NY6
3-6-2020,UTA,17,,BOS,9,,UTA17,BOS9
3-6-2020,IND,13,,CHI,11,,IND13,CHI11
3-6-2020,ORL,5,,MIN,16,,ORL5,MIN16
3-6-2020,MIA,4,,NO,23,,MIA4,NO23
3-6-2020,MEM,21,,DAL,25,,MEM21,DAL25
3-6-2020,POR,19,,PHO,29,,POR19,PHO29
3-6-2020,MIL,15,,LAL,27,,MIL15,LAL27
3-7-2020,HOU,22,,CHA,2,,HOU22,CHA2
3-7-2020,UTA,17,,DET,14,,UTA17,DET14
3-7-2020,DEN,20,,CLE,12,,DEN20,CLE12
3-7-2020,ATL,3,,MEM,21,,ATL3,MEM21
3-7-2020,PHI,7,,GS,26,,PHI7,GS26
3-7-2020,SAC,30,,POR,19,,SAC30,POR19
3-8-2020,CHI,11,,BKN,8,,CHI11,BKN8
3-8-2020,LAL,27,,LAC,28,,LAL27,LAC28
3-8-2020,NO,23,,MIN,16,,NO23,MIN16
3-8-2020,OKC,18,,BOS,9,,OKC18,BOS9
3-8-2020,MIL,15,,PHO,29,,MIL15,PHO29
3-8-2020,IND,13,,DAL,25,,IND13,DAL25
3-8-2020,ORL,5,,HOU,22,,ORL5,HOU22
3-8-2020,MIA,4,,WAS,1,,MIA4,WAS1
3-8-2020,SA,24,,CLE,12,,SA24,CLE12
3-8-2020,DET,14,,NY,6,,DET14,NY6
3-8-2020,TOR,10,,SAC,30,,TOR10,SAC30
3-9-2020,CHA,2,,ATL,3,,CHA2,ATL3
3-9-2020,MIL,15,,DEN,20,,MIL15,DEN20
3-9-2020,TOR,10,,UTA,17,,TOR10,UTA17
3-10-2020,BOS,9,,IND,13,,BOS9,IND13
3-10-2020,NY,6,,WAS,1,,NY6,WAS1
3-10-2020,CLE,12,,CHI,11,,CLE12,CHI11
3-10-2020,MIN,16,,HOU,22,,MIN16,HOU22
3-10-2020,ORL,5,,MEM,21,,ORL5,MEM21
3-10-2020,DAL,25,,SA,24,,DAL25,SA24
3-10-2020,PHO,29,,POR,19,,PHO29,POR19
3-10-2020,LAC,28,,GS,26,,LAC28,GS26
3-10-2020,BKN,8,,LAL,27,,BKN8,LAL27
3-11-2020,NY,6,,ATL,3,,NY6,ATL3
3-11-2020,CHA,2,,MIA,4,,CHA2,MIA4
3-11-2020,DET,14,,PHI,7,,DET14,PHI7
3-11-2020,UTA,17,,OKC,18,,UTA17,OKC18
3-11-2020,DEN,20,,DAL,25,,DEN20,DAL25
3-11-2020,NO,23,,SAC,30,,NO23,SAC30
3-12-2020,CHI,11,,ORL,5,,CHI11,ORL5
3-12-2020,BOS,9,,MIL,15,,BOS9,MIL15
3-12-2020,MEM,21,,POR,19,,MEM21,POR19
3-12-2020,BKN,8,,GS,26,,BKN8,GS26
3-12-2020,HOU,22,,LAL,27,,HOU22,LAL27
3-13-2020,CLE,12,,CHA,2,,CLE12,CHA2
3-13-2020,WAS,1,,BOS,9,,WAS1,BOS9
3-13-2020,NY,6,,MIA,4,,NY6,MIA4
3-13-2020,MIN,16,,OKC,18,,MIN16,OKC18
3-13-2020,DEN,20,,SA,24,,DEN20,SA24
3-13-2020,NO,23,,UTA,17,,NO23,UTA17
3-13-2020,BKN,8,,LAC,28,,BKN8,LAC28
3-14-2020,PHO,29,,DAL,25,,PHO29,DAL25
3-14-2020,CLE,12,,ATL,3,,CLE12,ATL3
3-14-2020,IND,13,,PHI,7,,IND13,PHI7
3-14-2020,DET,14,,TOR,10,,DET14,TOR10
3-14-2020,CHI,11,,MIA,4,,CHI11,MIA4
3-14-2020,GS,26,,MIL,15,,GS26,MIL15
3-14-2020,MIN,16,,SA,24,,MIN16,SA24
3-14-2020,MEM,21,,UTA,17,,MEM21,UTA17
3-14-2020,NO,23,,LAC,28,,NO23,LAC28
3-15-2020,HOU,22,,POR,19,,HOU22,POR19
3-15-2020,CHA,2,,ORL,5,,CHA2,ORL5
3-15-2020,OKC,18,,WAS,1,,OKC18,WAS1
3-15-2020,BOS,9,,CHI,11,,BOS9,CHI11
3-15-2020,DEN,20,,LAL,27,,DEN20,LAL27
3-15-2020,BKN,8,,SAC,30,,BKN8,SAC30
3-16-2020,WAS,1,,PHI,7,,WAS1,PHI7
3-16-2020,MIA,4,,MIL,15,,MIA4,MIL15
3-16-2020,ATL,3,,NO,23,,ATL3,NO23
3-16-2020,GS,26,,TOR,10,,GS26,TOR10
3-16-2020,MEM,21,,SA,24,,MEM21,SA24
3-16-2020,LAL,27,,UTA,17,,LAL27,UTA17
3-16-2020,DAL,25,,LAC,28,,DAL25,LAC28
3-17-2020,ORL,5,,DET,14,,ORL5,DET14
3-17-2020,CHA,2,,NY,6,,CHA2,NY6
3-17-2020,CLE,12,,HOU,22,,CLE12,HOU22
3-17-2020,OKC,18,,MEM,21,,OKC18,MEM21
3-17-2020,MIN,16,,POR,19,,MIN16,POR19
3-17-2020,DAL,25,,SAC,30,,DAL25,SAC30
3-18-2020,TOR,10,,PHI,7,,TOR10,PHI7
3-18-2020,OKC,18,,ATL,3,,OKC18,ATL3
3-18-2020,WAS,1,,BKN,8,,WAS1,BKN8
3-18-2020,NY,6,,BOS,9,,NY6,BOS9
3-18-2020,GS,26,,IND,13,,GS26,IND13
3-18-2020,MIA,4,,CHI,11,,MIA4,CHI11
3-18-2020,SA,24,,NO,23,,SA24,NO23
3-18-2020,LAC,28,,DEN,20,,LAC28,DEN20
3-18-2020,UTA,17,,LAL,27,,UTA17,LAL27
3-18-2020,MIN,16,,PHO,29,,MIN16,PHO29
3-19-2020,PHI,7,,CHA,2,,PHI7,CHA2
3-19-2020,CLE,12,,ORL,5,,CLE12,ORL5
3-19-2020,SAC,30,,HOU,22,,SAC30,HOU22
3-19-2020,MEM,21,,MIL,15,,MEM21,MIL15
3-19-2020,DAL,25,,POR,19,,DAL25,POR19
3-20-2020,GS,26,,DET,14,,GS26,DET14
3-20-2020,MIA,4,,IND,13,,MIA4,IND13
3-20-2020,WAS,1,,ATL,3,,WAS1,ATL3
3-20-2020,BOS,9,,TOR,10,,BOS9,TOR10
3-20-2020,DEN,20,,OKC,18,,DEN20,OKC18
3-20-2020,CHI,11,,SA,24,,CHI11,SA24
3-20-2020,MIN,16,,UTA,17,,MIN16,UTA17
3-20-2020,PHO,29,,LAC,28,,PHO29,LAC28
3-21-2020,BOS,9,,BKN,8,,BOS9,BKN8
3-21-2020,LAL,27,,CHA,2,,LAL27,CHA2
3-21-2020,CLE,12,,IND,13,,CLE12,IND13
3-21-2020,SAC,30,,ORL,5,,SAC30,ORL5
3-21-2020,ATL,3,,PHI,7,,ATL3,PHI7
3-21-2020,GS,26,,NY,6,,GS26,NY6
3-21-2020,CHI,11,,HOU,22,,CHI11,HOU22
3-21-2020,NO,23,,MEM,21,,NO23,MEM21
3-21-2020,MIL,15,,WAS,1,,MIL15,WAS1
3-21-2020,DAL,25,,PHO,29,,DAL25,PHO29
3-22-2020,LAL,27,,DET,14,,LAL27,DET14
3-22-2020,DEN,20,,TOR,10,,DEN20,TOR10
3-22-2020,POR,19,,MIN,16,,POR19,MIN16
3-22-2020,SAC,30,,NO,23,,SAC30,NO23
3-22-2020,UTA,17,,SA,24,,UTA17,SA24
3-23-2020,PHO,29,,IND,13,,PHO29,IND13
3-23-2020,LAC,28,,NY,6,,LAC28,NY6
3-23-2020,BOS,9,,WAS,1,,BOS9,WAS1
3-23-2020,ORL,5,,BKN,8,,ORL5,BKN8
3-23-2020,OKC,18,,MIA,4,,OKC18,MIA4
3-23-2020,DEN,20,,CHI,11,,DEN20,CHI11
3-23-2020,DET,14,,MIL,15,,DET14,MIL15
3-23-2020,HOU,22,,DAL,25,,HOU22,DAL25
3-24-2020,POR,19,,CHA,2,,POR19,CHA2
3-24-2020,SAC,30,,CLE,12,,SAC30,CLE12
3-24-2020,LAL,27,,TOR,10,,LAL27,TOR10
3-24-2020,PHI,7,,MIN,16,,PHI7,MIN16
3-24-2020,MEM,21,,NO,23,,MEM21,NO23
3-24-2020,SA,24,,UTA,17,,SA24,UTA17
3-25-2020,LAC,28,,BKN,8,,LAC28,BKN8
3-25-2020,POR,19,,DET,14,,POR19,DET14
3-25-2020,IND,13,,ORL,5,,IND13,ORL5
3-25-2020,PHO,29,,WAS,1,,PHO29,WAS1
3-25-2020,DEN,20,,MIA,4,,DEN20,MIA4
3-25-2020,TOR,10,,NY,6,,TOR10,NY6
3-25-2020,BOS,9,,MEM,21,,BOS9,MEM21
3-25-2020,HOU,22,,MIL,15,,HOU22,MIL15
3-25-2020,ATL,3,,GS,26,,ATL3,GS26
3-26-2020,LAL,27,,CLE,12,,LAL27,CLE12
3-26-2020,PHI,7,,CHI,11,,PHI7,CHI11
3-26-2020,SA,24,,MIN,16,,SA24,MIN16
3-26-2020,CHA,2,,OKC,18,,CHA2,OKC18
3-26-2020,UTA,17,,DAL,25,,UTA17,DAL25
3-26-2020,ATL,3,,SAC,30,,ATL3,SAC30
3-27-2020,LAC,28,,DET,14,,LAC28,DET14
3-27-2020,HOU,22,,IND,13,,HOU22,IND13
3-27-2020,BKN,8,,ORL,5,,BKN8,ORL5
3-27-2020,PHO,29,,PHI,7,,PHO29,PHI7
3-27-2020,POR,19,,BOS,9,,POR19,BOS9
3-27-2020,NY,6,,NO,23,,NY6,NO23
3-27-2020,WAS,1,,MIL,15,,WAS1,MIL15
3-27-2020,SA,24,,DEN,20,,SA24,DEN20
3-28-2020,CLE,12,,BKN,8,,CLE12,BKN8
3-28-2020,LAC,28,,CHA,2,,LAC28,CHA2
3-28-2020,NY,6,,CHI,11,,NY6,CHI11
3-28-2020,TOR,10,,MEM,21,,TOR10,MEM21
3-28-2020,PHO,29,,MIA,4,,PHO29,MIA4
3-28-2020,LAL,27,,WAS,1,,LAL27,WAS1
3-28-2020,OKC,18,,GS,26,,OKC18,GS26
3-28-2020,ATL,3,,UTA,17,,ATL3,UTA17
3-29-2020,MIL,15,,DAL,25,,MIL15,DAL25
3-29-2020,HOU,22,,DET,14,,HOU22,DET14
3-29-2020,MIN,16,,BOS,9,,MIN16,BOS9
3-29-2020,NO,23,,ORL,5,,NO23,ORL5
3-29-2020,POR,19,,PHI,7,,POR19,PHI7
3-29-2020,SA,24,,GS,26,,SA24,GS26
3-29-2020,IND,13,,SAC,30,,IND13,SAC30
3-30-2020,MIA,4,,CHA,2,,MIA4,CHA2
3-30-2020,PHO,29,,CLE,12,,PHO29,CLE12
3-30-2020,POR,19,,BKN,8,,POR19,BKN8
3-30-2020,MEM,21,,TOR,10,,MEM21,TOR10
3-30-2020,LAL,27,,MIN,16,,LAL27,MIN16
3-30-2020,OKC,18,,DEN,20,,OKC18,DEN20
3-30-2020,CHI,11,,UTA,17,,CHI11,UTA17
3-30-2020,IND,13,,LAC,28,,IND13,LAC28
3-31-2020,NO,23,,ATL,3,,NO23,ATL3
3-31-2020,HOU,22,,PHI,7,,HOU22,PHI7
3-31-2020,DEN,20,,GS,26,,DEN20,GS26
3-31-2020,SA,24,,SAC,30,,SA24,SAC30
4-1-2020,CHA,2,,ORL,5,,CHA2,ORL5
4-1-2020,NO,23,,WAS,1,,NO23,WAS1
4-1-2020,DET,14,,BKN,8,,DET14,BKN8
4-1-2020,MIA,4,,BOS,9,,MIA4,BOS9
4-1-2020,NY,6,,MEM,21,,NY6,MEM21
4-1-2020,DAL,25,,MIN,16,,DAL25,MIN16
4-1-2020,PHO,29,,OKC,18,,PHO29,OKC18
4-1-2020,TOR,10,,MIL,15,,TOR10,MIL15
4-1-2020,CLE,12,,UTA,17,,CLE12,UTA17
4-1-2020,IND,13,,LAL,27,,IND13,LAL27
4-2-2020,GS,26,,HOU,22,,GS26,HOU22
4-2-2020,LAC,28,,SAC,30,,LAC28,SAC30
4-2-2020,UTA,17,,POR,19,,UTA17,POR19
4-3-2020,MIA,4,,DET,14,,MIA4,DET14
4-3-2020,BKN,8,,IND,13,,BKN8,IND13
4-3-2020,PHI,7,,WAS,1,,PHI7,WAS1
4-3-2020,CHA,2,,ATL,3,,CHA2,ATL3
4-3-2020,ORL,5,,BOS,9,,ORL5,BOS9
4-3-2020,MIN,16,,NY,6,,MIN16,NY6
4-3-2020,MIL,15,,TOR,10,,MIL15,TOR10
4-3-2020,DAL,25,,MEM,21,,DAL25,MEM21
4-3-2020,GS,26,,SA,24,,GS26,SA24
4-3-2020,CHI,11,,DEN,20,,CHI11,DEN20
4-3-2020,CLE,12,,PHO,29,,CLE12,PHO29
4-4-2020,OKC,18,,LAC,28,,OKC18,LAC28
4-4-2020,LAL,27,,SAC,30,,LAL27,SAC30
4-5-2020,ATL,3,,CHA,2,,ATL3,CHA2
4-5-2020,ORL,5,,PHI,7,,ORL5,PHI7
4-5-2020,MIL,15,,BOS,9,,MIL15,BOS9
4-5-2020,WAS,1,,IND,13,,WAS1,IND13
4-5-2020,MIA,4,,NY,6,,MIA4,NY6
4-5-2020,DAL,25,,BKN,8,,DAL25,BKN8
4-5-2020,UTA,17,,DEN,20,,UTA17,DEN20
4-5-2020,CHI,11,,PHO,29,,CHI11,PHO29
4-5-2020,TOR,10,,HOU,22,,TOR10,HOU22
4-5-2020,DET,14,,MIN,16,,DET14,MIN16
4-5-2020,NO,23,,SA,24,,NO23,SA24
4-5-2020,MEM,21,,POR,19,,MEM21,POR19
4-5-2020,CLE,12,,SAC,30,,CLE12,SAC30
4-5-2020,OKC,18,,LAL,27,,OKC18,LAL27
4-7-2020,TOR,10,,WAS,1,,TOR10,WAS1
4-7-2020,DET,14,,ATL,3,,DET14,ATL3
4-7-2020,IND,13,,MIA,4,,IND13,MIA4
4-7-2020,MIL,15,,PHI,7,,MIL15,PHI7
4-7-2020,PHO,29,,MIN,16,,PHO29,MIN16
4-7-2020,CHA,2,,NO,23,,CHA2,NO23
4-7-2020,BKN,8,,OKC,18,,BKN8,OKC18
4-7-2020,HOU,22,,DAL,25,,HOU22,DAL25
4-7-2020,SAC,30,,SA,24,,SAC30,SA24
4-7-2020,MEM,21,,DEN,20,,MEM21,DEN20
4-7-2020,CLE,12,,POR,19,,CLE12,POR19
4-7-2020,LAC,28,,UTA,17,,LAC28,UTA17
4-7-2020,CHI,11,,LAL,27,,CHI11,LAL27
4-8-2020,IND,13,,BOS,9,,IND13,BOS9
4-8-2020,TOR,10,,CHA,2,,TOR10,CHA2
4-8-2020,ORL,5,,NY,6,,ORL5,NY6
4-8-2020,SA,24,,HOU,22,,SA24,HOU22
4-8-2020,CLE,12,,GS,26,,CLE12,GS26
4-8-2020,CHI,11,,LAC,28,,CHI11,LAC28
4-9-2020,DET,14,,MIA,4,,DET14,MIA4
4-9-2020,BKN,8,,MIL,15,,BKN8,MIL15
4-9-2020,SAC,30,,MIN,16,,SAC30,MIN16
4-9-2020,PHO,29,,NO,23,,PHO29,NO23
4-9-2020,DEN,20,,POR,19,,DEN20,POR19
4-9-2020,GS,26,,LAL,27,,GS26,LAL27
4-10-2020,BOS,9,,ORL,5,,BOS9,ORL5
4-10-2020,ATL,3,,TOR,10,,ATL3,TOR10
4-10-2020,WAS,1,,HOU,22,,WAS1,HOU22
4-10-2020,NY,6,,OKC,18,,NY6,OKC18
4-10-2020,PHI,7,,SA,24,,PHI7,SA24
4-11-2020,DET,14,,DAL,25,,DET14,DAL25
4-11-2020,WAS,1,,CHA,2,,WAS1,CHA2
4-11-2020,ORL,5,,IND,13,,ORL5,IND13
4-11-2020,PHI,7,,NO,23,,PHI7,NO23
4-11-2020,MIL,15,,CLE,12,,MIL15,CLE12
4-11-2020,BKN,8,,CHI,11,,BKN8,CHI11
4-11-2020,OKC,18,,MEM,21,,OKC18,MEM21
4-11-2020,BOS,9,,MIA,4,,BOS9,MIA4
4-11-2020,GS,26,,LAC,28,,GS26,LAC28
4-11-2020,SAC,30,,DEN,20,,SAC30,DEN20
4-11-2020,UTA,17,,PHO,29,,UTA17,PHO29
4-12-2020,HOU,22,,SA,24,,HOU22,SA24
4-12-2020,NY,6,,TOR,10,,NY6,TOR10
4-12-2020,ATL,3,,MIL,15,,ATL3,MIL15
4-12-2020,MIN,16,,LAL,27,,MIN16,LAL27
4-13-2020,MIA,4,,CHA,2,,MIA4,CHA2
4-13-2020,BKN,8,,CLE,12,,BKN8,CLE12
4-13-2020,BOS,9,,DET,14,,BOS9,DET14
4-13-2020,SA,24,,IND,13,,SA24,IND13
4-13-2020,ORL,5,,CHI,11,,ORL5,CHI11
4-13-2020,PHO,29,,HOU,22,,PHO29,HOU22
4-13-2020,PHI,7,,MEM,21,,PHI7,MEM21
4-13-2020,WAS,1,,NO,23,,WAS1,NO23
4-13-2020,UTA,17,,OKC,18,,UTA17,OKC18
4-13-2020,DAL,25,,DEN,20,,DAL25,DEN20
4-13-2020,POR,19,,GS,26,,POR19,GS26
4-13-2020,MIN,16,,LAC,28,,MIN16,LAC28
4-14-2020,TOR,10,,MIA,4,,TOR10,MIA4
4-14-2020,DET,14,,NY,6,,DET14,NY6
4-14-2020,DEN,20,,UTA,17,,DEN20,UTA17
4-14-2020,SAC,30,,LAL,27,,SAC30,LAL27
4-15-2020,CLE,12,,ATL,3,,CLE12,ATL3
4-15-2020,MIL,15,,BKN,8,,MIL15,BKN8
4-15-2020,CHI,11,,BOS,9,,CHI11,BOS9
4-15-2020,OKC,18,,DAL,25,,OKC18,DAL25
4-15-2020,MEM,21,,HOU,22,,MEM21,HOU22
4-15-2020,NY,6,,MIN,16,,NY6,MIN16
4-15-2020,TOR,10,,ORL,5,,TOR10,ORL5
4-15-2020,CHA,2,,PHI,7,,CHA2,PHI7
4-15-2020,NO,23,,SA,24,,NO23,SA24
4-15-2020,IND,13,,WAS,1,,IND13,WAS1
4-15-2020,LAL,27,,PHO,29,,LAL27,PHO29
4-15-2020,LAC,28,,POR,19,,LAC28,POR19
4-15-2020,GS,26,,SAC,30,,GS26,SAC30
